개방자치단체코드,관리번호,구분명,근거법령명,화장실명,소재지도로명주소,소재지지번주소,남성용-대변기수,남성용-소변기수,남성용-장애인용대변기수,남성용-장애인용소변기수,남성용-어린이용대변기수,남성용-어린이용소변기수,여성용-대변기수,여성용-장애인용대변기수,여성용-어린이용대변기수,관리기관명,전화번호,개방시간,개방시간상세,설치연월,화장실소유구분명,오물처리방식,안전관리시설설치대상여부,비상벨설치여부,비상벨설치장소,화장실입구CCTV설치유무,기저귀교환대유무,기저귀교환대장소,리모델링연월,데이터기준일자,데이터갱신구분,데이터갱신시점,최종수정시점
6520000,202465200000100283,개방화장실,법제3조제16호-영제3조제1항제1호,서귀포시청 제1청사 본관,제주특별자치도 서귀포시 중앙로 105(서홍동),,28,32,1,0,0,0,32,0,0,총무과,0647602052,정시,09:00~18:00,,공공기관-지방자치단체,수세식,Y,N,,N,Y,여자화장실,,2024-07-19,I,2026-05-15 18:43:45,2024-07-22 14:45:49
6520000,202465200000100284,개방화장실,법제3조제16호-영제3조제1항제1호,서귀포시청 제1청사 별관,제주특별자치도 서귀포시 중앙로 105(서홍동),,12,6,6,6,0,0,24,6,0,총무과,0647602052,정시,09:00~18:00,,공공기관-지방자치단체,수세식,Y,N,,N,Y,여자화장실,,2024-07-19,I,2026-05-15 18:43:45,2024-07-22 14:45:49
6520000,202465200000100285,개방화장실,법제3조제16호-영제3조제1항제1호,서귀포시청 제2청사 본관,제주특별자치도 서귀포시 신중로 55(법환동),,7,9,2,1,0,0,7,0,1,총무과,0647602822,정시,09:00~18:00,,공공기관-지방자치단체,수세식,Y,N,,N,N,,,2024-07-19,I,2026-05-15 18:43:45,2024-07-22 14:45:49
6520000,202465200000100286,개방화장실,법제3조제16호-영제3조제1항제1호,서귀포시청 제2청사 별관,제주특별자치도 서귀포시 신중로 55(법환동),,2,1,1,1,0,0,2,1,0,총무과,0647602822,정시,09:00~18:00,,공공기관-지방자치단체,수세식,Y,N,,N,Y,여자화장실,,2024-07-19,I,2026-05-15 18:43:45,2024-07-22 14:45:49
6520000,202465200000100287,개방화장실,법제3조제16호-영제3조제1항제1호,서귀포시평생학습관,제주특별자치도 서귀포시 서문로29번길 10,,5,3,0,1,0,1,9,0,0,평생교육과,0647602262,정시,09:00~18:00,,공공기관-지방자치단체,수거식,Y,Y,장애인화장실+남자화장실+여자화장실,N,Y,여자화장실,,2024-07-19,I,2026-05-15 18:43:45,2024-07-22 14:45:49
6520000,202465200000100288,개방화장실,법제3조제16호-영제3조제1항제1호,서귀포시자기주도학습지원센터,제주특별자치도 서귀포시 동홍중앙로7번길 19,,2,4,1,0,0,0,4,1,0,평생교육과,0647603962,정시,09:00~18:00,,공공기관-지방자치단체,수거식,Y,Y,장애인화장실+남자화장실+여자화장실,N,N,,,2024-07-19,I,2026-05-15 18:43:45,2024-07-22 14:45:49
6520000,202465200000100289,개방화장실,법제3조제16호-영제3조제1항제5호,서귀포종합사회복지관,제주특별자치도 서귀포시 태평로 512번길 9,,2,2,0,0,0,0,2,1,0,주민복지과,0647602524,정시,09:00~18:00,,공공기관-국가공공기관,수세식,Y,Y,장애인화장실+남자화장실+여자화장실,Y,N,,,2024-07-19,I,2026-05-15 18:43:45,2024-07-22 14:45:49
6520000,202465200000100290,개방화장실,법제3조제16호-영제3조제1항제5호,동부종합사회복지관,제주특별자치도 성산읍 일출로 14-11,,6,7,1,0,0,0,9,1,0,주민복지과,0647602524,정시,09:00~18:00,,공공기관-지방자치단체,수세식,Y,Y,장애인화장실+남자화장실+여자화장실,Y,N,,,2024-07-19,I,2026-05-15 18:43:45,2024-07-22 14:45:49
6520000,202465200000100291,개방화장실,법제3조제16호-영제3조제1항제5호,서귀포시서부종합사회복지관,제주특별자치도 서귀포시 대정읍 신영로23,,5,8,4,0,0,1,14,4,0,주민복지과,0647602524,정시,09:00~18:00,,공공기관-지방자치단체,수세식,Y,Y,장애인화장실+남자화장실+여자화장실,N,Y,여자화장실,,2024-07-19,I,2026-05-15 18:43:45,2024-07-22 14:45:49
6520000,202465200000100292,개방화장실,법제3조제16호-영제3조제1항제5호,서귀포시노인복지회관,제주특별자치도 서귀포시 태평로537번길 40-9,,2,2,1,1,0,0,1,1,0,노인장애인과,0647602382,상시,,,공공기관-지방자치단체,수세식,Y,Y,장애인화장실+남자화장실+여자화장실,Y,N,,,2024-07-19,I,2026-05-15 18:43:45,2024-07-22 14:45:49
6520000,202465200000100293,개방화장실,법제3조제16호-영제3조제1항제6호,서귀포시청소년수련관,제주특별자치도 서귀포시 중산간서로 97-1,,8,13,0,0,0,0,11,0,0,여성가족과,0647606412,정시,09:00~20:00,,공공기관-지방자치단체,수거식,Y,Y,장애인화장실+남자화장실+여자화장실,N,N,,,2024-07-19,I,2026-05-15 18:43:45,2024-07-22 14:45:49
6520000,202465200000100294,개방화장실,법제3조제16호-영제3조제1항제6호,대정청소년수련관,제주특별자치도 서귀포시 대정읍 동일하모로149번길 21-8,,8,13,0,0,0,0,9,0,0,여성가족과,0647606423,정시,09:00~20:00,,공공기관-지방자치단체,수거식,Y,Y,장애인화장실+남자화장실+여자화장실,N,N,,,2024-07-19,I,2026-05-15 18:43:45,2024-07-22 14:45:49
6520000,202465200000100295,개방화장실,법제3조제16호-영제3조제1항제6호,동홍청소년문화의집,제주특별자치도 서귀포시 중산간동로 7950,,1,1,1,1,0,0,3,1,0,여성가족과,0647603476,정시,09:00~20:00,,공공기관-지방자치단체,수세식,Y,Y,장애인화장실+남자화장실+여자화장실,N,N,,,2024-07-19,I,2026-05-15 18:43:45,2024-07-22 14:45:49
6520000,202465200000100296,개방화장실,법제3조제16호-영제3조제1항제6호,중문청소년문화의집,제주특별자치도 서귀포시 천제연로185번길 11-1,,6,3,3,0,0,0,9,3,0,여성가족과,0647604871,정시,09:00~20:00,,공공기관-지방자치단체,수세식,Y,Y,장애인화장실+남자화장실+여자화장실,N,Y,여자화장실,,2024-07-19,I,2026-05-15 18:43:45,2024-07-22 14:45:49
6520000,202465200000100297,개방화장실,법제3조제16호-영제3조제1항제6호,송산청소년문화의집,제주특별자치도 서귀포시 소암로 4,,2,2,0,0,0,0,2,0,0,여성가족과,0647604891,정시,09:00~20:00,,공공기관-지방자치단체,수세식,Y,Y,남자화장실+여자화장실,N,N,,,2024-07-19,I,2026-05-15 18:43:45,2024-07-22 14:45:49
6520000,202465200000100298,개방화장실,법제3조제16호-영제3조제1항제2호,신산청소년문화의집,제주특별자치도 서귀포시 성산읍 일주동로 5101-1,,5,5,0,0,0,0,8,0,0,여성가족과,0647604298,정시,09:00~20:00,,공공기관-지방자치단체,수세식,Y,Y,장애인화장실+남자화장실+여자화장실,N,N,,,2024-07-19,I,2026-05-15 18:43:45,2024-07-22 14:45:49
6520000,202465200000100299,개방화장실,법제3조제16호-영제3조제1항제6호,표선청소년문화의집,제주특별자치도 서귀포시 표선면 표선중앙로 13,,4,6,2,0,0,0,8,2,0,여성가족과,0647604492,정시,09:00~20:00,,공공기관-지방자치단체,수세식,Y,Y,남자화장실+여자화장실,N,N,,,2024-07-19,I,2026-05-15 18:43:45,2024-07-22 14:45:49
6520000,202465200000100300,개방화장실,법제3조제16호-영제3조제1항제1호,안덕청소년문화의집,제주특별자치도 서귀포시 안덕면 화순로56번길 20,,4,6,2,0,0,0,6,2,0,여성가족과,0647604393,정시,09:00~20:00,,공공기관-지방자치단체,수세식,Y,Y,장애인화장실+남자화장실+여자화장실,N,Y,여자화장실,,2024-07-19,I,2026-05-15 18:43:45,2024-07-22 14:45:49
6520000,202465200000100301,개방화장실,법제3조제16호-영제3조제1항제6호,모구리야영장(일출봉영지),제주특별자치도 서귀포시 성산읍 서성일로 260,,3,4,0,0,0,0,6,0,0,여성가족과,0647603408,상시,,,공공기관-지방자치단체,수거식,Y,Y,남자화장실+여자화장실,N,N,,,2024-07-19,I,2026-05-15 18:43:45,2024-07-22 14:45:49
6520000,202465200000100302,개방화장실,법제3조제16호-영제3조제1항제6호,모구리야영장(가족영지),제주특별자치도 서귀포시 성산읍 서성일로 260,,3,4,0,0,0,0,5,0,0,여성가족과,0647603408,상시,,,공공기관-지방자치단체,수거식,Y,Y,남자화장실+여자화장실,N,N,,,2024-07-19,I,2026-05-15 18:43:45,2024-07-22 14:45:49
6520000,202465200000100303,개방화장실,법제3조제16호-영제3조제1항제6호,모구리야영장(대피소),제주특별자치도 서귀포시 성산읍 서성일로 260,,2,2,1,0,0,0,2,1,0,여성가족과,0647603408,상시,,,공공기관-지방자치단체,수거식,Y,Y,남자화장실+여자화장실,N,N,,,2024-07-19,I,2026-05-15 18:43:45,2024-07-22 14:45:49
6520000,202465200000100304,개방화장실,법제3조제16호-영제3조제1항제6호,모구리야영장(체력단련장),제주특별자치도 서귀포시 성산읍 서성일로 260,,1,1,0,0,0,0,2,0,0,여성가족과,0647603408,상시,,,공공기관-지방자치단체,수거식,Y,Y,남자화장실+여자화장실,N,N,,,2024-07-19,I,2026-05-15 18:43:45,2024-07-22 14:45:49
6520000,202465200000100305,개방화장실,법제3조제16호-영제3조제1항제6호,모구리야영장(관리사무소),제주특별자치도 서귀포시 성산읍 서성일로 260,,1,2,1,1,0,0,2,1,0,여성가족과,0647603408,정시,08:00~22:00,,공공기관-지방자치단체,수거식,Y,Y,남자화장실+여자화장실,N,N,,,2024-07-19,I,2026-05-15 18:43:45,2024-07-22 14:45:49
6520000,202465200000100306,개방화장실,법제3조제16호-영제3조제1항제6호,남원청소년문화의집,제주특별자치도 서귀포시 남원읍 남원체육관로 221번길 16,,1,3,1,0,0,0,3,1,0,여성가족과,0647603403,정시,09:00~18:00,,공공기관-지방자치단체,수세식,Y,Y,남자화장실+여자화장실,N,N,,,2024-07-19,I,2026-05-15 18:43:45,2024-07-22 14:45:50
6520000,202465200000100307,개방화장실,법제3조제16호-영제3조제1항제6호,예래청소년문화의집,제주특별자치도 서귀포시 열리로 80,,2,2,0,0,0,0,2,0,0,여성가족과,0647604876,정시,09:00~20:00,,공공기관-지방자치단체,수세식,Y,Y,남자화장실+여자화장실,N,N,,,2024-07-19,I,2026-05-15 18:43:45,2024-07-22 14:45:50
6520000,202465200000100308,개방화장실,법제3조제16호-영제3조제1항제6호,하효청소년문화의집,제주특별자치도 서귀포시 하효중앙로 132,,1,1,0,0,0,0,1,0,0,여성가족과,0647604888,정시,09:00~20:00,,공공기관-지방자치단체,수거식,Y,Y,남자화장실+여자화장실,N,N,,,2024-07-19,I,2026-05-15 18:43:45,2024-07-22 14:45:50
6520000,202465200000100309,개방화장실,법제3조제16호-영제3조제1항제6호,법환청소년문화의집,제주특별자치도 서귀포시 막숙포로 70-1,,4,3,0,0,0,0,6,0,0,여성가족과,0647604894,정시,09:00~20:00,,공공기관-지방자치단체,수세식,Y,Y,남자화장실+여자화장실,N,N,,,2024-07-19,I,2026-05-15 18:43:45,2024-07-22 14:45:50
6520000,202465200000100310,개방화장실,법제3조제16호-영제3조제1항제6호,강정청소년문화의집,제주특별자치도 서귀포시 강정통물로 112,,4,0,0,0,0,0,2,0,2,여성가족과,0647604902,정시,09:00~20:00,,공공기관-지방자치단체,수세식,Y,Y,남자화장실+여자화장실,N,N,,,2024-07-19,I,2026-05-15 18:43:45,2024-07-22 14:45:50
6520000,202465200000100311,개방화장실,법제3조제16호-영제3조제1항제5호,서귀포시가족센터,제주특별자치도 서귀포시 서호남로 12(서호동),,1,6,4,0,0,1,9,4,1,여성가족과,0647602472,정시,09:00~18:00,,공공기관-지방자치단체,수세식,Y,Y,장애인화장실+남자화장실+여자화장실,N,Y,여자화장실,,2024-07-19,I,2026-05-15 18:43:45,2024-07-22 14:45:50
6520000,202465200000100312,개방화장실,법제3조제16호-영제3조제1항제2호,서복전시관,제주특별자치도 서귀포시 칠십리로 156-8,,2,3,1,1,0,0,4,0,0,문화예술과,0647606361,정시,09:00~18:00,,공공기관-지방자치단체,수거식,Y,N,,N,Y,여자화장실,,2024-07-19,I,2026-05-15 18:43:45,2024-07-22 14:45:50
6520000,202465200000100313,개방화장실,법제3조제16호-영제3조제1항제2호,서복전시관-주차장,제주특별자치도 서귀포시 칠십리로 156-13,,2,2,0,0,0,0,2,0,0,문화예술과,0647606361,상시,,,공공기관-지방자치단체,수거식,Y,N,,Y,N,,,2024-07-19,I,2026-05-15 18:43:45,2024-07-22 14:45:50
6520000,202465200000100314,개방화장실,법제3조제16호-영제3조제1항제2호,김정문화회관,제주특별자치도 서귀포시 김정문화로 36,,3,4,1,1,0,0,6,1,0,문화예술과,0647603561,정시,09:00~18:00,,공공기관-지방자치단체,수거식,Y,N,,N,N,,,2024-07-19,I,2026-05-15 18:43:45,2024-07-22 14:45:50
6520000,202465200000100315,개방화장실,법제3조제16호-영제3조제1항제6호,1코스 안내소,제주특별자치도 서귀포시 성산읍 시흥리 2665-1,,2,2,1,0,0,0,4,0,0,관광진흥과,0647603943,상시,,,공공기관-지방자치단체,수세식,Y,Y,남자화장실+여자화장실,N,Y,여자화장실,,2024-07-19,I,2026-05-15 18:43:45,2024-07-22 14:45:50
6520000,202465200000100316,개방화장실,법제3조제16호-영제3조제1항제6호,시흥초 인근,제주특별자치도 서귀포시 성산읍 시흥상동로 102,,3,2,1,0,0,0,3,1,0,관광진흥과,0647603943,상시,,,공공기관-지방자치단체,수세식,Y,Y,장애인화장실+남자화장실+여자화장실,N,Y,여자화장실,,2024-07-19,I,2026-05-15 18:43:45,2024-07-22 14:45:50
6520000,202465200000100317,개방화장실,법제3조제16호-영제3조제1항제6호,대수산봉,제주특별자치도 서귀포시 성산읍 고성리2039-1,,1,1,0,0,0,0,1,0,0,관광진흥과,0647603943,상시,,,공공기관-지방자치단체,수세식,Y,Y,남자화장실+여자화장실,N,N,,,2024-07-19,I,2026-05-15 18:43:45,2024-07-22 14:45:50
6520000,202465200000100318,개방화장실,법제3조제16호-영제3조제1항제6호,독자봉,제주특별자치도 서귀포시 성산읍 신산리1785,,1,1,0,0,0,0,2,0,0,관광진흥과,0647603943,상시,,,공공기관-지방자치단체,수세식,Y,Y,남자화장실+여자화장실,N,N,,,2024-07-19,I,2026-05-15 18:43:45,2024-07-22 14:45:50
6520000,202465200000100319,개방화장실,법제3조제16호-영제3조제1항제6호,망오름 인근,제주특별자치도 서귀포시 표선면토산리산23,,1,1,0,0,0,0,1,0,0,관광진흥과,0647603943,상시,,,공공기관-지방자치단체,수세식,Y,Y,남자화장실+여자화장실,N,N,,,2024-07-19,I,2026-05-15 18:43:45,2024-07-22 14:45:50
6520000,202465200000100320,개방화장실,법제3조제16호-영제3조제1항제6호,민속촌주차장,제주특별자치도 서귀포시 표선면 표선리 40-77,,3,3,0,0,0,0,3,0,0,관광진흥과,0647602654,상시,,,공공기관-지방자치단체,수세식,Y,Y,남자화장실+여자화장실,N,N,,,2024-07-19,I,2026-05-15 18:43:45,2024-07-22 14:45:50
6520000,202465200000100321,개방화장실,법제3조제16호-영제3조제1항제6호,5코스 안내소,제주특별자치도 서귀포시 남원읍 남원리 91-6,,3,2,1,0,0,0,3,0,0,관광진흥과,0647603943,상시,,,공공기관-지방자치단체,수세식,Y,Y,남자화장실+여자화장실,N,N,,,2024-07-19,I,2026-05-15 18:43:45,2024-07-22 14:45:50
6520000,202465200000100322,개방화장실,법제3조제16호-영제3조제1항제6호,소라의성,제주특별자치도 서귀포시 칠십리로 214번길 17-17,,1,1,0,0,0,0,2,0,0,관광진흥과,0647602654,상시,,,공공기관-지방자치단체,수거식,Y,Y,남자화장실+여자화장실,N,N,,,2024-07-19,I,2026-05-15 18:43:45,2024-07-22 14:45:50
6520000,202465200000100323,개방화장실,법제3조제16호-영제3조제1항제6호,돔베낭골,제주특별자치도 서귀포시 태평로 92번길 49,,2,2,1,0,1,0,4,1,1,관광진흥과,0647603943,상시,,,공공기관-지방자치단체,수세식,Y,Y,남자화장실+여자화장실,N,N,,,2024-07-19,I,2026-05-15 18:43:45,2024-07-22 14:45:50
6520000,202465200000100324,개방화장실,법제3조제16호-영제3조제1항제6호,월평아왜낭목,제주특별자치도 서귀포시 월평동 513-1,,1,1,1,0,0,0,2,0,0,관광진흥과,0647603943,상시,,,공공기관-지방자치단체,수거식,Y,Y,장애인화장실+남자화장실+여자화장실,N,N,,,2024-07-19,I,2026-05-15 18:43:45,2024-07-22 14:45:50
6520000,202465200000100326,개방화장실,법제3조제16호-영제3조제1항제6호,광명사,제주특별자치도 서귀포시 중문동 2275,,2,1,1,0,0,0,4,0,0,관광진흥과,0647603943,상시,,,공공기관-지방자치단체,수세식,Y,Y,장애인화장실+남자화장실+여자화장실,N,Y,여자화장실,,2024-07-19,I,2026-05-15 18:43:45,2024-07-22 14:45:50
6520000,202465200000100327,개방화장실,법제3조제16호-영제3조제1항제6호,황개천 옆,제주특별자치도 서귀포시 안덕면 감산리1903,,1,1,0,0,0,0,2,0,0,관광진흥과,0647603943,상시,,,공공기관-지방자치단체,수세식,Y,Y,남자화장실+여자화장실,N,N,,,2024-07-19,I,2026-05-15 18:43:45,2024-07-22 14:45:50
6520000,202465200000100328,개방화장실,법제3조제16호-영제3조제1항제6호,신도연못 옆,제주특별자치도 서귀포시 대정읍 신도리3138,,1,1,0,0,0,0,2,0,0,관광진흥과,0647603943,상시,,,공공기관-지방자치단체,수세식,Y,Y,남자화장실+여자화장실,N,N,,,2024-07-19,I,2026-05-15 18:43:45,2024-07-22 14:45:50
6520000,202465200000100329,개방화장실,법제3조제17호-영제3조제2항제1호,목화휴게소,제주특별자치도 서귀포시 성산읍 해맞이해안로 2526,,0,1,0,0,0,0,0,0,0,관광진흥과,0647603943,정시,11:00~18:00,,민간,수세식,N,N,,N,N,,,2024-07-19,I,2026-05-15 18:43:45,2024-07-22 14:45:50
6520000,202465200000100330,개방화장실,법제3조제17호-영제3조제2항제1호,충남식당,제주특별자치도 서귀포시 성산읍 성산등용로 94,,0,1,0,0,0,0,0,0,0,관광진흥과,0647603943,정시,07:00~18:00,,민간,수세식,N,N,,N,N,,,2024-07-19,I,2026-05-15 18:43:45,2024-07-22 14:45:50
6520000,202465200000100331,개방화장실,법제3조제17호-영제3조제2항제1호,쏠레민박,제주특별자치도 서귀포시 성산읍 성산등용로 96-1,,0,1,0,0,0,0,0,0,0,관광진흥과,0647603943,정시,09:00~18:00,,민간,수세식,N,N,,N,N,,,2024-07-19,I,2026-05-15 18:43:45,2024-07-22 14:45:50
6520000,202465200000100332,개방화장실,법제3조제17호-영제3조제2항제1호,오조리사무소,제주특별자치도 서귀포시 성산읍 오조로 85,,1,1,0,0,0,0,0,0,0,관광진흥과,0647603943,정시,09:00~18:00,,민간,수세식,N,N,,N,N,,,2024-07-19,I,2026-05-15 18:43:45,2024-07-22 14:45:50
6520000,202465200000100333,개방화장실,법제3조제17호-영제3조제2항제1호,보석암,제주특별자치도 서귀포시 온평리 1399-2,,1,1,0,0,0,0,0,0,0,관광진흥과,0647603943,상시,,,민간,수세식,N,N,,N,N,,,2024-07-19,I,2026-05-15 18:43:45,2024-07-22 14:45:50
6520000,202465200000100334,개방화장실,법제3조제17호-영제3조제2항제1호,고정화할망집,제주특별자치도 서귀포시 성산읍 난산로41번길 74-1,,0,1,0,0,0,0,0,0,0,관광진흥과,0647603943,정시,09:00~18:00,,민간,수세식,N,N,,N,N,,,2024-07-19,I,2026-05-15 18:43:45,2024-07-22 14:45:50
6520000,202465200000100335,개방화장실,법제3조제17호-영제3조제2항제1호,신천리해녀탈의장,제주특별자치도 서귀포시 성산읍 신천동로 130,,0,1,0,0,0,0,0,0,0,관광진흥과,0647603943,상시,,,민간,수세식,N,N,,N,N,,,2024-07-19,I,2026-05-15 18:43:45,2024-07-22 14:45:50
6520000,202465200000100336,개방화장실,법제3조제17호-영제3조제2항제1호,제주스타치㈜,제주특별자치도 서귀포시 표선면 일주동로5661번길 58,,1,1,0,0,0,0,0,0,0,관광진흥과,0647603943,상시,,,민간,수세식,N,N,,N,N,,,2024-07-19,I,2026-05-15 18:43:45,2024-07-22 14:45:50
6520000,202465200000100337,개방화장실,법제3조제17호-영제3조제2항제1호,다미진횟집,제주특별자치도 서귀포시 표선면 민속해안로 578-1,,1,0,0,0,0,0,0,0,0,관광진흥과,0647603943,정시,10:00~22:00,,민간,수세식,N,N,,N,N,,,2024-07-19,I,2026-05-15 18:43:45,2024-07-22 14:45:50
6520000,202465200000100338,개방화장실,법제3조제17호-영제3조제2항제1호,와하하게스트하우스,제주특별자치도 서귀포시 표선면 민속해안로 317,,2,2,0,0,0,0,0,0,0,관광진흥과,0647603943,정시,09:00~18:00,,민간,수세식,N,N,,N,N,,,2024-07-19,I,2026-05-15 18:43:45,2024-07-22 14:45:50
6520000,202465200000100339,개방화장실,법제3조제17호-영제3조제2항제1호,토산2리사무소,제주특별자치도 서귀포시 표선면 토산중앙로16번길 1,,1,1,0,0,0,0,0,0,0,관광진흥과,0647603943,정시,09:00~17:00,,민간,수세식,N,N,,N,N,,,2024-07-19,I,2026-05-15 18:43:45,2024-07-22 14:45:50
6520000,202465200000100340,개방화장실,법제3조제17호-영제3조제2항제1호,토산2리게이트볼장,제주특별자치도 서귀포시 표선면 토산리 427-4,,0,1,0,0,0,0,0,0,0,관광진흥과,0647603943,상시,,,민간,수세식,N,N,,N,N,,,2024-07-19,I,2026-05-15 18:43:45,2024-07-22 14:45:50
6520000,202465200000100341,개방화장실,법제3조제17호-영제3조제2항제1호,남원적십자봉사회,제주특별자치도 서귀포시 남원읍 남태해안로 65,,1,1,0,0,0,0,0,0,0,관광진흥과,0647603943,상시,,,민간,수세식,N,N,,N,N,,,2024-07-19,I,2026-05-15 18:43:45,2024-07-22 14:45:50
6520000,202465200000100342,개방화장실,법제3조제17호-영제3조제2항제1호,중앙식육식당,제주특별자치도 서귀포시 남원읍 태위로 138,,1,1,0,0,0,0,1,0,0,관광진흥과,0647603943,상시,,,민간,수세식,N,N,,N,N,,,2024-07-19,I,2026-05-15 18:43:45,2024-07-22 14:45:50
6520000,202465200000100343,개방화장실,법제3조제17호-영제3조제2항제1호,신례2리마을회관,제주특별자치도 서귀포시 남원읍 공천포로 69-1,,1,1,0,0,0,0,1,0,0,관광진흥과,0647603943,상시,,,민간,수세식,N,N,,N,N,,,2024-07-19,I,2026-05-15 18:43:45,2024-07-22 14:45:50
6520000,202465200000100344,개방화장실,법제3조제17호-영제3조제2항제1호,위미1리 복지회관,제주특별자치도 서귀포시 남원읍 위미해안로 4-3,,1,1,0,0,0,0,1,0,0,관광진흥과,0647603943,정시,09:00~20:30,,민간,수세식,N,N,,N,N,,,2024-07-19,I,2026-05-15 18:43:45,2024-07-22 14:45:50
6520000,202465200000100345,개방화장실,법제3조제17호-영제3조제2항제1호,태흥2리 축구장,제주특별자치도 서귀포시 남태해안로 502,,1,1,0,0,0,0,1,0,0,관광진흥과,0647603943,상시,,,민간,수세식,N,N,,N,N,,,2024-07-19,I,2026-05-15 18:43:45,2024-07-22 14:45:50
6520000,202465200000100346,개방화장실,법제3조제17호-영제3조제2항제1호,태흥3리 마을회관,제주특별자치도 서귀포시 남원읍 삼덕로 3,,1,2,0,0,0,0,2,0,0,관광진흥과,0647603943,정시,09:00~17:00,,민간,수세식,N,N,,N,N,,,2024-07-19,I,2026-05-15 18:43:45,2024-07-22 14:45:50
6520000,202465200000100347,개방화장실,법제3조제17호-영제3조제2항제1호,동백꽃필무렵,제주특별자치도 서귀포시 위미중앙로 300번길 8,,1,1,0,0,0,0,1,0,0,관광진흥과,0647603943,정시,09:00~18:00,,민간,수세식,N,N,,N,N,,,2024-07-19,I,2026-05-15 18:43:45,2024-07-22 14:45:50
6520000,202465200000100348,개방화장실,법제3조제17호-영제3조제2항제1호,멧돌뚝배기,제주특별자치도 서귀포시 송산동 70,,1,1,0,0,0,0,1,0,0,관광진흥과,0647603943,정시,08:00~20:00,,민간,수세식,N,N,,N,N,,,2024-07-19,I,2026-05-15 18:43:45,2024-07-22 14:45:50
6520000,202465200000100349,개방화장실,법제3조제17호-영제3조제2항제1호,켄싱턴리조트(야외주점),제주특별자치도 서귀포시 이어도로 684(강정동),,1,1,0,0,0,0,3,0,0,관광진흥과,0647603943,상시,,,민간,수세식,N,N,,N,N,,,2024-07-19,I,2026-05-15 18:43:45,2024-07-22 14:45:50
6520000,202465200000100350,개방화장실,법제3조제9호,강정크루즈터미널 주민 편익시설 화장실,제주특별자치도 서귀포시 강정동 4655-1 (1층),,1,2,0,0,0,0,2,0,0,관광진흥과,0647603943,정시,09:00~18:00,,민간,수세식,N,N,,Y,Y,여자화장실,,2024-07-19,I,2026-05-15 18:43:45,2024-07-22 14:45:50
6520000,202465200000100351,개방화장실,법제3조제17호-영제3조제2항제1호,동산위의 교회,제주특별자치도 서귀포시 엉또로 109(강정동),,1,1,0,0,0,0,1,0,0,관광진흥과,0647603943,상시,,,민간,수세식,N,N,,N,N,,,2024-07-19,I,2026-05-15 18:43:45,2024-07-22 14:45:50
6520000,202465200000100352,개방화장실,법제3조제17호-영제3조제2항제1호,제남아동센터,제주특별자치도 서귀포시 서호호근로 183-11(서호동),,1,1,0,0,0,0,2,0,0,관광진흥과,0647603943,상시,,,민간,수세식,N,N,,N,N,,,2024-07-19,I,2026-05-15 18:43:45,2024-07-22 14:45:50
6520000,202465200000100353,개방화장실,법제3조제17호-영제3조제2항제1호,서호새마을금고,제주특별자치도 서귀포시 서호로 33(서호동),,0,2,0,0,0,0,0,0,0,관광진흥과,0647603943,상시,,,민간,수세식,N,N,,N,N,,,2024-07-19,I,2026-05-15 18:43:45,2024-07-22 14:45:50
6520000,202465200000100354,개방화장실,법제3조제17호-영제3조제2항제1호,토계촌,제주특별자치도 서귀포시 일주동로 8884(호근동),,0,1,0,0,0,0,0,0,0,관광진흥과,0647603943,상시,,,민간,수세식,N,N,,N,N,,,2024-07-19,I,2026-05-15 18:43:45,2024-07-22 14:45:50
6520000,202465200000100355,개방화장실,법제3조제17호-영제3조제2항제1호,봉림사,제주특별자치도 서귀포시 태평로205번길 87(호근동),,0,2,0,0,0,0,0,0,0,관광진흥과,0647603943,상시,,,민간,수세식,N,N,,N,N,,,2024-07-19,I,2026-05-15 18:43:45,2024-07-22 14:45:50
6520000,202465200000100356,개방화장실,법제3조제17호-영제3조제2항제1호,대포 해송횟집,제주특별자치도 서귀포시 이어도로 200-7(대포동),,1,2,0,0,0,0,1,0,0,관광진흥과,0647603943,정시,11:00~18:00,,민간,수세식,N,N,,N,N,,,2024-07-19,I,2026-05-15 18:43:45,2024-07-22 14:45:50
6520000,202465200000100357,개방화장실,법제3조제17호-영제3조제2항제1호,GS25중문버자야점,제주특별자치도 서귀포시 예래로 36,,1,1,0,0,0,0,1,0,0,관광진흥과,0647603943,정시,09:00~18:00,,민간,수세식,N,N,,N,N,,,2024-07-19,I,2026-05-15 18:43:45,2024-07-22 14:45:50
6520000,202465200000100358,개방화장실,법제3조제17호-영제3조제2항제1호,마라도유람선(유양해상),제주특별자치도 서귀포시 대정읍 송악관광로 424,,1,2,0,0,0,0,3,0,0,관광진흥과,0647603943,상시,,,민간,수세식,N,N,,N,N,,,2024-07-19,I,2026-05-15 18:43:45,2024-07-22 14:45:50
6520000,202465200000100359,개방화장실,법제3조제17호-영제3조제2항제1호,모슬포낚시편의점,제주특별자치도 서귀포시 대정읍 최남단해안로125번길 3,,1,1,0,0,0,0,1,0,0,관광진흥과,0647603943,정시,05:00~22:00,,민간,수세식,N,N,,N,N,,,2024-07-19,I,2026-05-15 18:43:45,2024-07-22 14:45:50
6520000,202465200000100360,개방화장실,법제3조제17호-영제3조제2항제1호,정난주마리아묘?,제주특별자치도 서귀포시 대정읍 추사로247번길 102,,2,4,0,0,0,0,3,0,0,관광진흥과,0647603943,정시,09:00~18:00,,민간,수세식,N,N,,N,N,,,2024-07-19,I,2026-05-15 18:43:45,2024-07-22 14:45:50
6520000,202465200000100361,개방화장실,법제3조제17호-영제3조제2항제1호,신평편의점,제주특별자치도 서귀포시 대정읍 중산간서로 2634,,0,1,0,0,0,0,0,0,0,관광진흥과,0647603943,정시,06:00~24:00,,민간,수세식,N,N,,N,N,,,2024-07-19,I,2026-05-15 18:43:45,2024-07-22 14:45:50
6520000,202465200000100362,개방화장실,법제3조제17호-영제3조제2항제1호,강쉐프의 키친,제주특별자치도 서귀포시 대한로 558,,1,1,0,0,0,0,2,0,0,관광진흥과,0647603943,상시,,,민간,수세식,N,N,,N,N,,,2024-07-19,I,2026-05-15 18:43:45,2024-07-22 14:45:50
6520000,202465200000100363,개방화장실,법제3조제17호-영제3조제2항제1호,옵데강편의음식점,제주특별자치도 서귀포시 대정읍 중산간서로 2863,,1,2,0,0,0,0,2,0,0,관광진흥과,0647603943,상시,,,민간,수세식,N,N,,N,N,,,2024-07-19,I,2026-05-15 18:43:45,2024-07-22 14:45:50
6520000,202465200000100364,개방화장실,법제3조제17호-영제3조제2항제1호,평지교회,제주특별자치도 서귀포시 대정읍 무영로228번길 8-8,,2,2,0,0,0,0,2,0,0,관광진흥과,0647603943,정시,09:00~18:00,,민간,수세식,N,N,,N,N,,,2024-07-19,I,2026-05-15 18:43:45,2024-07-22 14:45:50
6520000,202465200000100365,개방화장실,법제3조제17호-영제3조제2항제1호,노을과어울림(구 도원횟집),제주특별자치도 서귀포시 대정읍 노을해안로 638,,0,1,0,0,0,0,0,0,0,관광진흥과,0647603943,상시,,,민간,수세식,N,N,,N,N,,,2024-07-19,I,2026-05-15 18:43:45,2024-07-22 14:45:50
6520000,202465200000100366,개방화장실,법제3조제13호,공천포전지훈련센터(실외),제주특별자치도 서귀포시 신례로 96,,14,19,0,0,0,0,31,0,0,체육진흥과,0647603665,상시,,,공공기관-지방자치단체,수거식,Y,Y,남자화장실+여자화장실,N,N,,,2024-07-19,I,2026-05-15 18:43:45,2024-07-22 14:45:50
6520000,202465200000100367,개방화장실,법제3조제13호,효돈축구공원,제주특별자치도 서귀포시 효돈순환로311-29,,7,10,0,0,0,0,17,0,0,체육진흥과,0647603319,상시,,,공공기관-지방자치단체,수거식,Y,Y,장애인화장실+남자화장실+여자화장실,N,N,,,2024-07-19,I,2026-05-15 18:43:45,2024-07-22 14:45:50
6520000,202465200000100368,개방화장실,법제3조제13호,서귀포시동홍생활체육관(천지학생체육관),제주특별자치도 서귀포시 중앙로 140 (동홍동),,4,5,0,0,0,0,8,0,0,체육진흥과,0647625230,정시,06:00~22:00,,공공기관-지방자치단체,수거식,Y,Y,남자화장실+여자화장실,N,N,,,2024-07-19,I,2026-05-15 18:43:45,2024-07-22 14:45:50
6520000,202465200000100369,개방화장실,법제3조제13호,걸매축구장-2,제주특별자치도 서귀포시서홍로 4-26 걸매축구장,,4,5,0,0,0,0,3,0,0,체육진흥과,0647603319,상시,,,공공기관-지방자치단체,수거식,Y,Y,남자화장실+여자화장실,N,N,,,2024-07-19,I,2026-05-15 18:43:45,2024-07-22 14:45:50
6520000,202465200000100370,개방화장실,법제3조제13호,월드컵경기장-입구(광장),제주특별자치도 서귀포시 월드컵로33,,5,7,0,0,0,0,9,0,0,체육진흥과,0647603582,상시,,,공공기관-지방자치단체,수거식,Y,Y,장애인화장실+남자화장실+여자화장실,N,Y,여자화장실,,2024-07-19,I,2026-05-15 18:43:45,2024-07-22 14:45:50
6520000,202465200000100371,개방화장실,법제3조제13호,제주월드컵경기장(1층),제주특별자치도 서귀포시 월드컵로33,,11,14,0,0,0,0,12,0,0,체육진흥과,0647603582,상시,,,공공기관-지방자치단체,수거식,Y,Y,남자화장실+여자화장실,N,Y,여자화장실,,2024-07-19,I,2026-05-15 18:43:45,2024-07-22 14:45:50
6520000,202465200000100372,개방화장실,법제3조제13호,"강창학종합경기장(A,B)",제주특별자치도 서귀포시 중산간서로 95 (강정동),,6,11,0,0,0,0,9,0,0,체육진흥과,0647603797,상시,,,공공기관-지방자치단체,수거식,Y,Y,장애인화장실+남자화장실+여자화장실,N,N,,,2024-07-19,I,2026-05-15 18:43:45,2024-07-22 14:45:50
6520000,202465200000100373,개방화장실,법제3조제13호,강창학종합경기장-인라인경기장,제주특별자치도 서귀포시 중산간서로 95 (강정동),,6,6,0,0,0,0,4,0,0,체육진흥과,0647603795,상시,,,공공기관-지방자치단체,수거식,Y,Y,남자화장실+여자화장실,N,N,,,2024-07-19,I,2026-05-15 18:43:45,2024-07-22 14:45:50
6520000,202465200000100374,개방화장실,법제3조제13호,88체육관(올림픽기념국민생활관),제주특별자치도 서귀포시 중산간서로 97 (강정동),,11,29,0,0,0,0,22,0,0,체육진흥과,0647603658,정시,06:00~22:00,,공공기관-지방자치단체,수거식,Y,Y,남자화장실+여자화장실,Y,Y,여자화장실,,2024-07-19,I,2026-05-15 18:43:45,2024-07-22 14:45:50
6520000,202465200000100375,개방화장실,법제3조제13호,중문단지축구장,제주특별자치도 서귀포시 이어도로 120-73,,2,5,0,0,0,0,2,0,0,체육진흥과,0647383644,정시,09:00~18:00,,공공기관-지방자치단체,수거식,Y,Y,장애인화장실+남자화장실+여자화장실,N,N,,,2024-07-19,I,2026-05-15 18:43:45,2024-07-22 14:45:50
6520000,202465200000100376,개방화장실,법제3조제13호,국민체육센터,제주특별자치도 서귀포시 중문관광로 346 (중문동),,14,18,0,0,0,0,15,0,0,체육진흥과,0647393623,정시,06:00~22:00,,공공기관-지방자치단체,수거식,Y,Y,장애인화장실+남자화장실+여자화장실,N,N,,,2024-07-19,I,2026-05-15 18:43:45,2024-07-22 14:45:50
6520000,202465200000100377,개방화장실,법제3조제13호,공천포전지훈련센터(사무실),제주특별자치도 서귀포시 신례로 96,,4,6,0,0,0,0,6,0,0,체육진흥과,0647603665,정시,09:00~18:00,,공공기관-지방자치단체,수거식,Y,Y,장애인화장실+남자화장실+여자화장실,N,N,,,2024-07-19,I,2026-05-15 18:43:45,2024-07-22 14:45:50
6520000,202465200000100378,개방화장실,법제3조제13호,서귀포시혁신도시국민체육센터,제주특별자치도 제주특별자치도 서귀포시 서호남로 19-30,,3,3,0,0,0,0,6,0,0,체육진흥과,0647603640,정시,"화,수,목,금: 06:00~22:00 토,일,공휴일: 06:00~18:00",,공공기관-지방자치단체,수거식,Y,Y,장애인화장실+남자화장실+여자화장실,N,N,,,2024-07-19,I,2026-05-15 18:43:45,2024-07-22 14:45:50
6520000,202465200000100379,개방화장실,법제3조제15호,서귀포예술의전당,제주특별자치도 서귀포시 태평로 270,,14,15,2,0,0,5,43,3,4,서귀포예술의전당,0647603362,정시,09:00~18:00,,공공기관-지방자치단체,수거식,Y,Y,장애인화장실+남자화장실+여자화장실,N,Y,여자화장실,,2024-07-19,I,2026-05-15 18:43:45,2024-07-22 14:45:50
6520000,202465200000100380,개방화장실,법제3조제16호-영제3조제1항제4호,삼매봉도서관,제주특별자치도 서귀포시 남성중로153번길 15,,3,4,1,0,0,0,7,1,1,도서관운영사무소,0647603703,정시,09:00~22:00,,공공기관-지방자치단체,수세식,Y,N,,N,Y,여자화장실,,2024-07-19,I,2026-05-15 18:43:45,2024-07-22 14:45:50
6520000,202465200000100381,개방화장실,법제3조제16호-영제3조제1항제4호,표선도서관,제주특별자치도 표선면 표선백사로110번길17-10,,5,6,1,0,0,2,6,1,0,도서관운영사무소,0647603754,정시,08:00~22:00,,공공기관-지방자치단체,수세식,Y,N,,N,Y,여자화장실,,2024-07-19,I,2026-05-15 18:43:45,2024-07-22 14:45:50
6520000,202465200000100382,개방화장실,법제3조제16호-영제3조제1항제4호,서귀포기적의도서관,제주특별자치도 서귀포시 일주동로 8593,,1,3,0,0,1,0,4,3,1,도서관운영사무소,0647603723,정시,09:00~18:00,,공공기관-지방자치단체,수세식,Y,N,,N,Y,여자화장실,,2024-07-19,I,2026-05-15 18:43:45,2024-07-22 14:45:50
6520000,202465200000100383,개방화장실,법제3조제16호-영제3조제1항제4호,동부도서관,제주특별자치도 서귀포시 일주동로 8232(신효동),,4,6,0,0,0,0,6,0,0,도서관운영사무소,0647603694,정시,09:00~22:00,,공공기관-지방자치단체,수거식,Y,N,,N,N,,,2024-07-19,I,2026-05-15 18:43:45,2024-07-22 14:45:50
6520000,202465200000100384,개방화장실,법제3조제16호-영제3조제1항제2호,안덕산방도서관,제주특별자치도 서귀포시 안덕면 화순서서로 44,,4,8,1,0,0,0,6,1,0,도서관운영사무소,0647603744,정시,09:00~22:00,,공공기관-지방자치단체,수거식,Y,N,,N,N,,,2024-07-19,I,2026-05-15 18:43:45,2024-07-22 14:45:50
6520000,202465200000100385,개방화장실,법제3조제16호-영제3조제1항제4호,성산일출도서관,제주특별자치도 서귀포시 성산읍 고성오조로 133,,5,5,1,0,0,0,6,1,1,도서관운영사무소,0647603764,정시,08:00~22:00,,공공기관-지방자치단체,수세식,Y,N,,N,Y,여자화장실,,2024-07-19,I,2026-05-15 18:43:45,2024-07-22 14:45:50
6520000,202465200000100386,개방화장실,법제3조제16호-영제3조제1항제1호,중앙도서관,제주특별자치도  서귀포시 김정문화로 32,,11,16,3,0,0,0,10,3,0,도서관운영사무소,0647603682,정시,08:00~23:00,,공공기관-지방자치단체,수세식,Y,N,,N,N,,,2024-07-19,I,2026-05-15 18:43:45,2024-07-22 14:45:50
6520000,202465200000100387,개방화장실,법제3조제16호-영제3조제1항제4호,서부도서관,제주특별자치도 서귀포시 중문관광로 346(중문동),,4,6,0,0,0,0,5,0,0,도서관운영사무소,0647603713,정시,08:00~22:00,,공공기관-지방자치단체,수거식,Y,N,,Y,N,,,2024-07-19,I,2026-05-15 18:43:45,2024-07-22 14:45:50
6520000,202465200000100388,개방화장실,법제3조제2호,천지연주차장,제주특별자치도 서귀포시 남성중로 2,,11,20,1,1,0,0,22,1,0,관광지관리소,0647606308,상시,,,공공기관-지방자치단체,수거식,Y,Y,장애인화장실+남자화장실+여자화장실,N,Y,여자화장실,,2024-07-19,I,2026-05-15 18:43:45,2024-07-22 14:45:50
6520000,202465200000100389,개방화장실,법제3조제2호,천지연산책로(폭포안),제주특별자치도 서귀포시 천지동 808-1,,3,2,0,0,0,0,3,0,0,관광지관리소,0647606308,정시,09:00~22:00,,공공기관-지방자치단체,수거식,Y,Y,남자화장실+여자화장실,N,N,,,2024-07-19,I,2026-05-15 18:43:45,2024-07-22 14:45:50
6520000,202465200000100390,개방화장실,법제3조제2호,천지연매표소,제주특별자치도 서귀포시 남성중로 2-15,,5,6,1,1,0,0,6,1,0,관광지관리소,0647606308,정시,09:00~22:00,,공공기관-지방자치단체,수거식,Y,Y,장애인화장실+남자화장실+여자화장실,N,Y,여자화장실,,2024-07-19,I,2026-05-15 18:43:45,2024-07-22 14:45:50
6520000,202465200000100391,개방화장실,법제3조제2호,주상절리대화장실,제주특별자치도 서귀포시 이어도로 36-30,,9,12,1,1,0,0,11,1,0,관광지관리소,0647606351,정시,09:00~18:00,,공공기관-지방자치단체,수거식,Y,Y,장애인화장실+남자화장실+여자화장실,N,Y,여자화장실,,2024-07-19,I,2026-05-15 18:43:45,2024-07-22 14:45:50
6520000,202465200000100392,개방화장실,법제3조제2호,정방폭포화장실,제주특별자치도 서귀포시 칠십리로 214번길 35-1,,3,5,0,0,1,1,7,0,1,관광지관리소,0647606341,상시,,,공공기관-지방자치단체,수거식,Y,Y,장애인화장실+남자화장실+여자화장실,N,Y,여자화장실,,2024-07-19,I,2026-05-15 18:43:45,2024-07-22 14:45:50
6520000,202465200000100393,개방화장실,법제3조제2호,천제연화장실,제주특별자치도 서귀포시 천제연로 132,,5,5,1,0,0,0,6,0,0,관광지관리소,0647606331,상시,,,공공기관-지방자치단체,수세식,Y,Y,장애인화장실+남자화장실+여자화장실,N,Y,여자화장실,,2024-07-19,I,2026-05-15 18:43:45,2024-07-22 14:45:50
6520000,202465200000100394,개방화장실,법제3조제2호,감귤박물관 뮤지엄숍 화장실,제주특별자치도 서귀포시 효돈순환로 441,,2,4,1,0,0,0,4,1,0,관광지관리소,0647606400,상시,,,공공기관-지방자치단체,수거식,Y,Y,남자화장실+여자화장실,N,Y,여자화장실,,2024-07-19,I,2026-05-15 18:43:45,2024-07-22 14:45:50
6520000,202465200000100395,개방화장실,법제3조제2호,"감귤박물관 화장실(1,2층)",제주특별자치도 서귀포시 효돈순환로 441,,4,6,1,1,0,0,5,1,0,관광지관리소,0647606400,정시,09:00~18:00,,공공기관-지방자치단체,수거식,Y,Y,장애인화장실+남자화장실+여자화장실,N,Y,여자화장실,,2024-07-19,I,2026-05-15 18:43:45,2024-07-22 14:45:50
6520000,202465200000100396,개방화장실,법제3조제2호,감귤박물관 쿠키머핀체험장 화장실,제주특별자치도 서귀포시 효돈순환로 441,,1,1,0,0,0,0,2,0,0,관광지관리소,0647606400,정시,09:00~18:00,,공공기관-지방자치단체,수거식,Y,Y,장애인화장실+남자화장실+여자화장실,N,N,,,2024-07-19,I,2026-05-15 18:43:45,2024-07-22 14:45:50
6520000,202465200000100397,개방화장실,법제3조제2호,감귤박물관 족욕체험장 화장실,제주특별자치도 서귀포시 효돈순환로 441,,1,1,0,0,0,0,2,0,0,관광지관리소,0647606400,정시,09:00~18:00,,공공기관-지방자치단체,수거식,Y,Y,남자화장실+여자화장실,N,N,,,2024-07-19,I,2026-05-15 18:43:45,2024-07-22 14:45:50
6520000,202465200000100398,개방화장실,법제3조제2호,감귤박물관 야외화장실,제주특별자치도 서귀포시 효돈순환로 441,,2,4,0,0,0,0,4,0,0,관광지관리소,0647606400,상시,,,공공기관-지방자치단체,수거식,Y,Y,남자화장실+여자화장실,N,N,,,2024-07-19,I,2026-05-15 18:43:45,2024-07-22 14:45:50
6520000,202465200000100399,개방화장실,법제3조제2호,감귤박물관 쿠키머핀체험장 화장실,제주특별자치도 서귀포시 효돈순환로 441,,1,2,0,0,0,0,2,0,0,관광지관리소,0647606400,상시,,,공공기관-지방자치단체,수거식,Y,Y,장애인화장실+남자화장실+여자화장실,N,N,,,2024-07-19,I,2026-05-15 18:43:45,2024-07-22 14:45:50
6520000,202465200000100400,개방화장실,법제3조제2호,용머리주차장화장실,제주특별자치도 서귀포시 사계남로 216번길 24-8,,5,8,1,0,0,0,6,0,0,관광지관리소,0647606324,정시,09:00~18:00,,공공기관-지방자치단체,수세식,Y,Y,장애인화장실+남자화장실+여자화장실,N,Y,여자화장실,,2024-07-19,I,2026-05-15 18:43:45,2024-07-22 14:45:51
6520000,202465200000100401,개방화장실,법제3조제2호,하용머리화장실,제주특별자치도 서귀포시 안덕면 사계리 116-5,,6,7,0,0,0,0,11,0,0,관광지관리소,0647606324,정시,09:00~18:00,,공공기관-지방자치단체,수세식,Y,Y,장애인화장실+남자화장실+여자화장실,N,Y,여자화장실,,2024-07-19,I,2026-05-15 18:43:45,2024-07-22 14:45:51
6520000,202465200000100402,개방화장실,법제3조제2호,산방산 화장실,제주특별자치도 서귀포시 안덕면 사계리 187-3,,4,6,1,0,0,0,10,0,0,관광지관리소,0647606324,정시,09:00~18:00,,공공기관-지방자치단체,수세식,Y,Y,장애인화장실+남자화장실+여자화장실,N,Y,여자화장실,,2024-07-19,I,2026-05-15 18:43:45,2024-07-22 14:45:51
6520000,202465200000100403,개방화장실,법제3조제16호-영제3조제1항제2호,창작스튜디오,제주특별자치도 서귀포시 이중섭로 33,,2,2,0,0,0,1,6,1,1,서귀포공립미술관,0647603593,정시,09:00~18:00,,공공기관-지방자치단체,수거식,Y,N,,Y,Y,여자화장실,,2024-07-19,I,2026-05-15 18:43:45,2024-07-22 14:45:51
6520000,202465200000100404,개방화장실,법제3조제16호-영제3조제1항제2호,기당미술관,제주특별자치도 서귀포시 남성중로153번길 15,,1,3,1,1,0,0,2,1,0,서귀포공립미술관,0647606561,정시,09:00~18:00,,공공기관-지방자치단체,수세식,Y,N,,N,Y,여자화장실,,2024-07-19,I,2026-05-15 18:43:45,2024-07-22 14:45:51
6520000,202465200000100405,개방화장실,법제3조제16호-영제3조제1항제2호,이중섭미술관,제주특별자치도 서귀포시 이중섭로 27-3,,2,2,1,0,0,0,6,3,0,서귀포공립미술관,0647603567,정시,09:00~18:00,,공공기관-지방자치단체,수세식,Y,N,,N,Y,여자화장실,,2024-07-19,I,2026-05-15 18:43:45,2024-07-22 14:45:51
6520000,202465200000100406,개방화장실,법제3조제16호-영제3조제1항제2호,소암기념관,제주특별자치도 서귀포시 소암로 15,,7,4,2,3,0,0,9,2,0,서귀포공립미술관,0647603511,정시,09:00~18:00,,공공기관-지방자치단체,수거식,Y,Y,장애인화장실+남자화장실+여자화장실,Y,Y,여자화장실,,2024-07-19,I,2026-05-15 18:43:45,2024-07-22 14:45:51
6520000,202465200000100407,공중화장실,법제3조제4호,매일시장주차장,제주특별자치도 서귀포시 중앙동 272-49,,2,3,0,0,0,0,5,0,0,경제일자리과,0647602634,상시,,,공공기관-지방자치단체,수거식,Y,Y,장애인화장실+남자화장실+여자화장실,N,Y,여자화장실,,2024-07-19,I,2026-05-15 18:43:45,2024-07-22 14:45:51
6520000,202465200000100408,공중화장실,법제3조제4호,매일시장주차장,제주특별자치도 서귀포시 중앙동 277-1,,3,4,0,0,0,0,7,0,0,경제일자리과,0647602634,상시,,,공공기관-지방자치단체,수거식,Y,Y,장애인화장실+남자화장실+여자화장실,Y,N,,,2024-07-19,I,2026-05-15 18:43:45,2024-07-22 14:45:51
6520000,202465200000100409,개방화장실,법제3조제4호,서귀포오일시장-사무실,제주특별자치도 서귀포시 토평서로11번길 150 (동홍동),,1,2,0,1,0,0,2,0,0,경제일자리과,0647602634,상시,,,공공기관-지방자치단체,수거식,Y,Y,장애인화장실+남자화장실+여자화장실,N,Y,여자화장실,,2024-07-19,I,2026-05-15 18:43:45,2024-07-22 14:45:51
6520000,202465200000100410,공중화장실,법제3조제4호,서귀포오일시장-4 (주차빌딩),제주특별자치도 서귀포시 토평서로11번길 150 (동홍동),,2,1,1,1,0,0,5,1,0,경제일자리과,0647602634,상시,,,공공기관-지방자치단체,수거식,Y,Y,장애인화장실+남자화장실+여자화장실,N,Y,여자화장실,,2024-07-19,I,2026-05-15 18:43:45,2024-07-22 14:45:51
6520000,202465200000100411,공중화장실,법제3조제4호,서귀포오일시장-3,제주특별자치도 서귀포시 토평서로11번길 150 (동홍동),,2,2,0,0,0,0,3,0,0,경제일자리과,0647602634,상시,,,공공기관-지방자치단체,수거식,Y,Y,남자화장실+여자화장실,N,N,,,2024-07-19,I,2026-05-15 18:43:45,2024-07-22 14:45:51
6520000,202465200000100412,공중화장실,법제3조제4호,서귀포오일시장-2,제주특별자치도 서귀포시 토평서로11번길 150 (동홍동),,2,2,0,0,0,0,3,0,0,경제일자리과,0647602634,상시,,,공공기관-지방자치단체,수거식,Y,Y,남자화장실+여자화장실,N,N,,,2024-07-19,I,2026-05-15 18:43:45,2024-07-22 14:45:51
6520000,202465200000100413,공중화장실,법제3조제4호,서귀포오일시장-1,제주특별자치도 서귀포시 토평서로11번길 150 (동홍동),,2,2,0,0,0,0,3,0,0,경제일자리과,0647602634,상시,,,공공기관-지방자치단체,수거식,Y,Y,남자화장실+여자화장실,N,N,,,2024-07-19,I,2026-05-15 18:43:45,2024-07-22 14:45:51
6520000,202465200000100414,공중화장실,법제3조제4호,중문오일시장,제주특별자치도 서귀포시 천제연로188번길 12 (중문동),,3,4,0,0,0,0,6,0,0,경제일자리과,0647602634,상시,,,공공기관-지방자치단체,수세식,Y,Y,장애인화장실+남자화장실+여자화장실,N,Y,여자화장실,,2024-07-19,I,2026-05-15 18:43:45,2024-07-22 14:45:51
6520000,202465200000100415,개방화장실,법제3조제16호-영제3조제1항제2호,서귀포천문과학문화관,제주특별자치도 서귀포시 1100로 506-1,,4,4,1,0,0,0,8,1,0,경제일자리과,0647606492,정시,14:00~22:00,,공공기관-지방자치단체,수거식,Y,Y,장애인화장실+남자화장실+여자화장실,Y,Y,여자화장실,,2024-07-19,I,2026-05-15 18:43:45,2024-07-22 14:45:51
6520000,202465200000100416,개방화장실,법제3조제9호,성산포항여객터미널,제주특별자치도 서귀포시 성산읍 성산등용로 130-21,,15,20,2,0,0,4,43,2,0,해양수산과,0647602765,정시,06:00~21:00,,공공기관-지방자치단체,수세식,Y,Y,장애인화장실+남자화장실+여자화장실,N,N,,,2024-07-19,I,2026-05-15 18:43:45,2024-07-22 14:45:51
6520000,202465200000100417,개방화장실,법제3조제6호,성산포항 공중화장실,제주특별자치도 서귀포시 성산읍 성산등용로 130-21,,2,2,1,0,0,1,4,1,0,해양수산과,0647602765,상시,,,공공기관-지방자치단체,수세식,N,Y,장애인화장실+남자화장실+여자화장실,N,N,,,2024-07-19,I,2026-05-15 18:43:45,2024-07-22 14:45:51
6520000,202465200000100418,개방화장실,법제3조제9호,화순항종합관리센터,제주특별자치도 서귀포시 화순해안로 106번길 16,,3,5,0,0,0,0,7,0,0,해양수산과,0647602765,정시,08:00~19:00,,공공기관-지방자치단체,수거식,Y,Y,장애인화장실+남자화장실+여자화장실,N,N,,,2024-07-19,I,2026-05-15 18:43:45,2024-07-22 14:45:51
6520000,202465200000100420,개방화장실,법제3조제17호-영제3조제2항제1호,서귀어촌계,제주특별자치도 서귀포시 서귀동 673-5,,0,2,0,0,0,0,0,0,0,기후환경과,0647606535,상시,,,민간,수거식,Y,Y,여자화장실,N,N,,,2024-07-19,I,2026-05-15 18:43:45,2024-07-22 14:45:51
6520000,202465200000100421,개방화장실,법제3조제17호-영제3조제2항제1호,보목동어촌계,제주특별자치도 서귀포시 보목동 566-3,,2,3,0,0,0,0,3,0,0,기후환경과,0647606535,상시,,,민간,수거식,Y,Y,남자화장실+여자화장실,N,N,,,2024-07-19,I,2026-05-15 18:43:45,2024-07-22 14:45:51
6520000,202465200000100422,개방화장실,법제3조제17호-영제3조제2항제1호,대원빌딩,제주특별자치도 서귀포시 서귀동 418-5,,2,2,0,0,0,0,2,0,0,기후환경과,0647606535,상시,,,민간,수세식,Y,Y,남자화장실+여자화장실,N,N,,,2024-07-19,I,2026-05-15 18:43:45,2024-07-22 14:45:51
6520000,202465200000100423,개방화장실,법제3조제17호-영제3조제2항제1호,"청수빌딩(정원다방, 채플린)",제주특별자치도 서귀포시 서귀동 204-2,,2,1,0,0,0,0,1,0,0,기후환경과,0647606535,상시,,,민간,수거식,Y,Y,남자화장실+여자화장실,N,N,,,2024-07-19,I,2026-05-15 18:43:45,2024-07-22 14:45:51
6520000,202465200000100425,개방화장실,법제3조제17호-영제3조제2항제1호,서귀북초등학교야외,제주특별자치도 서귀포시 서홍동 308-1,,1,2,0,0,0,0,1,0,0,기후환경과,0647606535,상시,,,민간,수세식,Y,Y,남자화장실+여자화장실,N,N,,,2024-07-19,I,2026-05-15 18:43:45,2024-07-22 14:45:51
6520000,202465200000100426,개방화장실,법제3조제17호-영제3조제2항제1호,민우상가(구월드컵PC촌),제주특별자치도 서귀포시 법환동 748,,2,2,0,0,0,0,2,0,0,기후환경과,0647606535,상시,,,민간,수세식,Y,Y,남자화장실+여자화장실,N,N,,,2024-07-19,I,2026-05-15 18:43:45,2024-07-22 14:45:51
6520000,202465200000100427,개방화장실,법제3조제17호-영제3조제2항제1호,삼주상가(1동 식육점),제주특별자치도 서귀포시 법환동 749,,0,2,0,0,0,0,0,0,0,기후환경과,0647606535,상시,,,민간,수세식,Y,Y,여자화장실,N,N,,,2024-07-19,I,2026-05-15 18:43:45,2024-07-22 14:45:51
6520000,202465200000100429,개방화장실,법제3조제17호-영제3조제2항제1호,성산연립 상가,제주특별자치도 서귀포시 강정동 178-1,,0,2,0,0,0,0,0,0,0,기후환경과,0647606535,상시,,,민간,수세식,Y,Y,여자화장실,N,N,,,2024-07-19,I,2026-05-15 18:43:45,2024-07-22 14:45:51
6520000,202465200000100430,개방화장실,법제3조제11호,서귀주유소,제주특별자치도 서귀포시 중정로 122(서귀동),,1,2,0,0,0,0,1,0,0,기후환경과,0647606535,상시,,,민간,수세식,Y,Y,남자화장실+여자화장실,N,N,,,2024-07-19,I,2026-05-15 18:43:45,2024-07-22 14:45:51
6520000,202465200000100431,개방화장실,법제3조제17호-영제3조제2항제1호,삼주상가(1동 식육점),제주특별자치도 서귀포시 김정문화로 66,,0,3,0,0,0,0,0,0,0,기후환경과,0647606535,상시,,,민간,수세식,Y,Y,남자화장실+여자화장실,N,N,,,2024-07-19,I,2026-05-15 18:43:45,2024-07-22 14:45:51
6520000,202465200000100432,개방화장실,법제3조제17호-영제3조제2항제1호,서귀포선박기관장협의회 사무실,제주특별자치도 서귀포시 서귀동 673-5,,1,1,0,0,0,0,2,0,0,기후환경과,0647606536,상시,,,민간,수세식,Y,Y,여자화장실,N,N,,,2024-07-19,I,2026-05-15 18:43:45,2024-07-22 14:45:51
6520000,202465200000100433,개방화장실,법제3조제17호-영제3조제2항제1호,신도리어촌계식당,제주특별자치도 서귀포시 대정읍 노을해안로 724,,1,1,0,0,0,0,2,0,0,기후환경과,0647606535,상시,,,민간,수세식,N,N,,N,N,,,2024-07-19,I,2026-05-15 18:43:45,2024-07-22 14:45:51
6520000,202465200000100434,개방화장실,법제3조제17호-영제3조제2항제1호,나드리마트,제주특별자치도 서귀포시 동홍중앙로 77,,1,1,0,0,0,0,1,0,0,기후환경과,0647606535,상시,,,민간,수세식,N,N,,N,N,,,2024-07-19,I,2026-05-15 18:43:45,2024-07-22 14:45:51
6520000,202465200000100435,개방화장실,법제3조제17호-영제3조제2항제1호,의귀교회,제주특별자치도 서귀포시 남원읍 남조로381번길 7,,2,2,0,0,0,0,3,0,0,기후환경과,0647606535,상시,,,민간,수세식,N,N,,N,N,,,2024-07-19,I,2026-05-15 18:43:45,2024-07-22 14:45:51
6520000,202465200000100436,개방화장실,법제3조제17호-영제3조제2항제1호,은빌레펜션,제주특별자치도 서귀포시 남원읍 한신로 247-3,,5,2,0,0,0,0,5,0,0,기후환경과,0647606535,상시,,,민간,수세식,N,N,,N,N,,,2024-07-19,I,2026-05-15 18:43:45,2024-07-22 14:45:51
6520000,202465200000100437,개방화장실,법제3조제17호-영제3조제2항제1호,혁신LH1단지상가동,제주특별자치도 서귀포시 서호남로 92-15,,1,1,0,0,0,0,1,0,0,기후환경과,0647606535,상시,,,민간,수세식,Y,Y,남자화장실+여자화장실,N,N,,,2024-07-19,I,2026-05-15 18:43:45,2024-07-22 14:45:51
6520000,202465200000100440,개방화장실,법제3조제1호,속골,제주특별자치도 서귀포시 호근동 1645,,1,2,0,0,0,0,3,0,0,기후환경과,0647603943,상시,,,공공기관-지방자치단체,수세식,Y,Y,남자화장실+여자화장실,N,N,,,2024-07-19,I,2026-05-15 18:43:45,2024-07-22 14:45:51
6520000,202465200000100441,개방화장실,법제3조제1호,선궷네,제주특별자치도 서귀포시 대포동 1213,,1,1,0,0,0,0,1,0,0,기후환경과,0647603943,상시,,,공공기관-지방자치단체,수세식,Y,Y,남자화장실+여자화장실,N,N,,,2024-07-19,I,2026-05-15 18:43:45,2024-07-22 14:45:51
6520000,202465200000100442,개방화장실,법제3조제16호-영제3조제1항제6호,중문색달해수욕장(신라호텔밑),제주특별자치도 중문색달해수욕장내(색달동 3304-1 인근),,1,1,0,0,0,0,1,0,0,기후환경과,0647603943,상시,,,공공기관-지방자치단체,수세식,N,N,,N,N,,,2024-07-19,I,2026-05-15 18:43:45,2024-07-22 14:45:51
6520000,202465200000100443,개방화장실,법제3조제16호-영제3조제1항제6호,중문색달해수욕장(모래사장끝),제주특별자치도 중문색달해수욕장내(색달동 3304-1 인근),,1,1,0,0,0,0,1,0,0,기후환경과,0647603943,상시,,,공공기관-지방자치단체,수세식,N,N,,N,N,,,2024-07-19,I,2026-05-15 18:43:45,2024-07-22 14:45:51
6520000,202465200000100444,개방화장실,법제3조제1호,대왕수천,제주특별자치도 서귀포시 상예동 517,,1,2,0,0,0,0,3,0,0,기후환경과,0647603943,상시,,,공공기관-지방자치단체,수세식,Y,Y,남자화장실+여자화장실,N,N,,,2024-07-19,I,2026-05-15 18:43:45,2024-07-22 14:45:51
6520000,202465200000100445,개방화장실,법제3조제1호,제지기오름,제주특별자치도 서귀포시 보목동 275-1,,1,2,0,0,0,0,2,0,0,기후환경과,0647606535,상시,,,공공기관-지방자치단체,수거식,Y,Y,남자화장실+여자화장실,N,N,,,2024-07-19,I,2026-05-15 18:43:45,2024-07-22 14:45:51
6520000,202465200000100446,개방화장실,법제3조제1호,소남머리,제주특별자치도 서귀포시 송산동 99-2,,1,1,0,0,0,0,1,0,0,기후환경과,0647606535,상시,,,공공기관-지방자치단체,수거식,Y,Y,남자화장실+여자화장실,N,N,,,2024-07-19,I,2026-05-15 18:43:45,2024-07-22 14:45:51
6520000,202465200000100448,개방화장실,법제3조제5호,외통체육공원,제주특별자치도 서귀포시 신효동 1191-1,,1,1,0,0,0,0,1,0,0,기후환경과,0647606535,상시,,,공공기관-지방자치단체,수거식,Y,Y,남자화장실+여자화장실,N,N,,,2024-07-19,I,2026-05-15 18:43:45,2024-07-22 14:45:51
6520000,202465200000100449,개방화장실,법제3조제5호,애기업은돌체육공원,제주특별자치도 서귀포시 신효동 657-2,,1,1,0,0,0,0,1,0,0,기후환경과,0647606535,상시,,,공공기관-지방자치단체,수거식,Y,Y,남자화장실+여자화장실,N,N,,,2024-07-19,I,2026-05-15 18:43:45,2024-07-22 14:45:51
6520000,202465200000100450,개방화장실,법제3조제5호,맹살체육공원,제주특별자치도 서귀포시 하효동 4308,,1,1,0,0,0,0,1,0,0,기후환경과,0647606535,상시,,,공공기관-지방자치단체,수거식,Y,Y,남자화장실+여자화장실,N,N,,,2024-07-19,I,2026-05-15 18:43:45,2024-07-22 14:45:51
6520000,202465200000100451,개방화장실,법제3조제1호,솔오름전망대,제주특별자치도 서귀포시 동홍동 2149,,1,1,0,0,0,0,1,0,0,기후환경과,0647606535,상시,,,공공기관-지방자치단체,수거식,Y,Y,남자화장실+여자화장실,N,N,,,2024-07-19,I,2026-05-15 18:43:45,2024-07-22 14:45:51
6520000,202465200000100452,개방화장실,법제3조제1호,고근산,제주특별자치도 서귀포시 서호동 1286-1,,1,1,0,0,0,0,1,0,0,기후환경과,0647606535,상시,,,공공기관-지방자치단체,수거식,Y,Y,남자화장실+여자화장실,N,N,,,2024-07-19,I,2026-05-15 18:43:45,2024-07-22 14:45:51
6520000,202465200000100453,개방화장실,법제3조제1호,엉또폭포,제주특별자치도 서귀포시 강정동 1561-1,,1,1,0,0,0,0,1,0,0,기후환경과,0647606535,상시,,,공공기관-지방자치단체,수거식,Y,Y,남자화장실+여자화장실,N,N,,,2024-07-19,I,2026-05-15 18:43:45,2024-07-22 14:45:51
6520000,202465200000100454,개방화장실,법제3조제1호,악근천(풍림콘도 -동쪽 바로 옆),제주특별자치도 서귀포시 강정동 5628 (신축),,1,1,0,0,0,0,2,0,0,기후환경과,0647606535,상시,,,공공기관-지방자치단체,수거식,Y,Y,남자화장실+여자화장실,N,N,,,2024-07-19,I,2026-05-15 18:43:45,2024-07-22 14:45:51
6520000,202465200000100455,개방화장실,법제3조제1호,베릿내,제주특별자치도 서귀포시 중문동 2631-2,,1,1,0,0,0,0,2,0,0,기후환경과,0647606535,상시,,,공공기관-지방자치단체,수거식,Y,Y,남자화장실+여자화장실,N,N,,,2024-07-19,I,2026-05-15 18:43:45,2024-07-22 14:45:51
6520000,202465200000100456,개방화장실,법제3조제1호,회수  미니수영장,제주특별자치도 서귀포시 회수동 355-1,,1,2,0,0,0,0,3,0,0,기후환경과,0647606535,상시,,,공공기관-지방자치단체,수거식,Y,Y,남자화장실+여자화장실,N,N,,,2024-07-19,I,2026-05-15 18:43:45,2024-07-22 14:45:51
6520000,202465200000100457,개방화장실,법제3조제1호,군산,제주특별자치도 서귀포시 상예동 산 4,,1,1,0,0,0,0,2,0,0,기후환경과,0647606535,상시,,,공공기관-지방자치단체,수거식,N,N,,N,N,,,2024-07-19,I,2026-05-15 18:43:45,2024-07-22 14:45:51
6520000,202465200000100458,개방화장실,법제3조제1호,거린사슴전망대,제주특별자치도 서귀포시 대포동 산2-1,,1,1,0,0,0,0,1,0,0,기후환경과,0647606535,상시,,,공공기관-지방자치단체,수거식,Y,Y,남자화장실+여자화장실,N,N,,,2024-07-19,I,2026-05-15 18:43:45,2024-07-22 14:45:51
6520000,202465200000100459,개방화장실,법제3조제5호,서홍동 생태놀이터 아이뜨락 화장실,제주특별자치도 서귀포시 서홍동 1614-8,,1,1,0,0,0,0,1,0,0,기후환경과,0647606535,상시,,,공공기관-지방자치단체,수거식,Y,Y,남자화장실+여자화장실,N,N,,,2024-07-19,I,2026-05-15 18:43:45,2024-07-22 14:45:51
6520000,202465200000100460,개방화장실,법제3조제5호,삼매봉,제주특별자치도 서귀포시 호근동 321,,1,1,0,0,0,0,1,0,0,기후환경과,0647606535,상시,,,공공기관-지방자치단체,수거식,Y,Y,남자화장실+여자화장실,N,N,,,2024-07-19,I,2026-05-15 18:43:45,2024-07-22 14:45:51
6520000,202465200000100461,개방화장실,법제3조제1호,서귀포도립해양공원,제주특별자치도 서귀포시 남성중로 41(서홍동),,4,6,0,0,0,0,8,0,0,기후환경과,0647602917,상시,,,공공기관-지방자치단체,수세식,Y,Y,장애인화장실+남자화장실+여자화장실,N,Y,여자화장실,,2024-07-19,I,2026-05-15 18:43:45,2024-07-22 14:45:51
6520000,202465200000100462,개방화장실,법제3조제2호,물영아리오름,제주특별자치도 서귀포시 남원읍 수망리 182-7,,1,1,0,0,0,0,1,0,0,기후환경과,0647606535,상시,,,공공기관-지방자치단체,수거식,Y,Y,여자화장실,N,N,,,2024-07-19,I,2026-05-15 18:43:45,2024-07-22 14:45:51
6520000,202465200000100463,개방화장실,법제3조제2호,송악산 부남코지 화장실,제주특별자치도 서귀포시 대정읍 최남단해안로 548-88,,1,2,0,0,0,0,3,0,0,기후환경과,0647602197,상시,,,공공기관-지방자치단체,수거식,Y,Y,여자화장실,N,N,,,2024-07-19,I,2026-05-15 18:43:45,2024-07-22 14:45:51
6520000,202465200000100464,개방화장실,법제3조제5호,설문대공원 공중화장실,제주특별자치도 서귀포시 서호동 1598,,3,3,1,0,0,0,7,1,0,공원녹지과,0647603193,상시,,,공공기관-지방자치단체,수세식,Y,Y,장애인화장실+남자화장실+여자화장실,N,N,,,2024-07-19,I,2026-05-15 18:43:45,2024-07-22 14:45:51
6520000,202465200000100465,개방화장실,법제3조제5호,바람모루공원 공중화장실,제주특별자치도 서귀포시 서호동 1601,,4,4,1,0,0,0,8,1,0,공원녹지과,0647603193,상시,,,공공기관-지방자치단체,수세식,Y,Y,장애인화장실+남자화장실+여자화장실,N,N,,,2024-07-19,I,2026-05-15 18:43:45,2024-07-22 14:45:51
6520000,202465200000100466,개방화장실,법제3조제5호,숨골공원 공중화장실,제주특별자치도 서귀포시 서호동 1609,,3,3,1,0,0,0,7,1,0,공원녹지과,0647603193,상시,,,공공기관-지방자치단체,수세식,Y,Y,장애인화장실+남자화장실+여자화장실,N,N,,,2024-07-19,I,2026-05-15 18:43:45,2024-07-22 14:45:51
6520000,202465200000100467,개방화장실,법제3조제5호,삼다체육공원 공중화장실,제주특별자치도 서귀포시 서호동 1602,,4,4,1,0,0,0,9,1,0,공원녹지과,0647603193,상시,,,공공기관-지방자치단체,수세식,Y,Y,장애인화장실+남자화장실+여자화장실,N,N,,,2024-07-19,I,2026-05-15 18:43:45,2024-07-22 14:45:51
6520000,202465200000100468,개방화장실,법제3조제5호,감귤길공원 공중화장실,제주특별자치도 서귀포시 서호동 1599,,3,3,1,0,0,0,7,1,0,공원녹지과,0647603193,상시,,,공공기관-지방자치단체,수세식,Y,Y,장애인화장실+남자화장실+여자화장실,N,N,,,2024-07-19,I,2026-05-15 18:43:45,2024-07-22 14:45:51
6520000,202465200000100469,개방화장실,법제3조제5호,강정1호공원 공중화장실,제주특별자치도 서귀포시 강정동 201,,3,3,1,0,0,0,6,1,0,공원녹지과,0647603193,상시,,,공공기관-지방자치단체,수세식,Y,Y,장애인화장실+남자화장실+여자화장실,Y,Y,여자화장실,,2024-07-19,I,2026-05-15 18:43:45,2024-07-22 14:45:52
6520000,202465200000100470,개방화장실,법제3조제5호,토평공원 공중화장실,제주특별자치도 서귀포시 토평동 3237-1,,2,3,0,0,0,0,3,0,0,공원녹지과,0647603193,상시,,,공공기관-지방자치단체,수거식,Y,Y,장애인화장실+남자화장실+여자화장실,N,N,,,2024-07-19,I,2026-05-15 18:43:45,2024-07-22 14:45:52
6520000,202465200000100471,개방화장실,법제3조제5호,문화공원 공중화장실,제주특별자치도 서귀포시 강정동 176,,3,5,0,0,0,0,7,0,0,공원녹지과,0647603193,상시,,,공공기관-지방자치단체,수거식,Y,Y,장애인화장실+남자화장실+여자화장실,Y,Y,여자화장실,,2024-07-19,I,2026-05-15 18:43:45,2024-07-22 14:45:52
6520000,202465200000100472,개방화장실,법제3조제5호,미래1공원 공중화장실,제주특별자치도 서귀포시 서호동 1150,,2,2,0,0,0,0,3,0,0,공원녹지과,0647603193,상시,,,공공기관-지방자치단체,수세식,Y,Y,장애인화장실+남자화장실+여자화장실,N,N,,,2024-07-19,I,2026-05-15 18:43:45,2024-07-22 14:45:52
6520000,202465200000100473,개방화장실,법제3조제5호,걸매공원 공중화장실,제주특별자치도 서귀포시 서홍동 1199,,3,3,0,0,0,0,5,0,0,공원녹지과,0647603193,상시,,,공공기관-지방자치단체,수거식,Y,Y,장애인화장실+남자화장실+여자화장실,N,N,,,2024-07-19,I,2026-05-15 18:43:45,2024-07-22 14:45:52
6520000,202465200000100474,개방화장실,법제3조제5호,대청공원 공중화장실,제주특별자치도 서귀포시 신서로38,,1,2,0,0,0,0,1,0,0,공원녹지과,0647603193,상시,,,공공기관-지방자치단체,수세식,Y,Y,남자화장실+여자화장실,Y,N,,,2024-07-19,I,2026-05-15 18:43:45,2024-07-22 14:45:52
6520000,202465200000100475,개방화장실,법제3조제5호,문화1공원 공중화장실,제주특별자치도 서귀포시 강정동 123,,1,2,0,0,0,0,3,0,0,공원녹지과,0647603193,상시,,,공공기관-지방자치단체,수세식,Y,Y,남자화장실+여자화장실,N,N,,,2024-07-19,I,2026-05-15 18:43:45,2024-07-22 14:45:52
6520000,202465200000100476,개방화장실,법제3조제5호,동광공원 공중화장실,제주특별자치도 서귀포시 동홍동 100-3,,1,1,0,0,0,0,1,0,0,공원녹지과,0647603193,상시,,,공공기관-지방자치단체,수거식,Y,Y,남자화장실+여자화장실,N,N,,,2024-07-19,I,2026-05-15 18:43:45,2024-07-22 14:45:52
6520000,202465200000100477,개방화장실,법제3조제5호,칠십리공원 공중화장실(1),제주특별자치도 서귀포시 서홍동 574-1,,2,1,0,0,0,0,2,0,0,공원녹지과,0647603193,상시,,,공공기관-지방자치단체,수거식,Y,Y,장애인화장실+남자화장실+여자화장실,Y,N,,,2024-07-19,I,2026-05-15 18:43:45,2024-07-22 14:45:52
6520000,202465200000100478,개방화장실,법제3조제5호,칠십리공원 공중화장실(2),제주특별자치도 서귀포시 서홍동 647-4,,3,4,1,0,0,0,7,1,0,공원녹지과,0647603193,상시,,,공공기관-지방자치단체,수세식,Y,Y,장애인화장실+남자화장실+여자화장실,N,Y,여자화장실,,2024-07-19,I,2026-05-15 18:43:45,2024-07-22 14:45:52
6520000,202465200000100479,개방화장실,법제3조제5호,삼매봉공원 공중화장실(1),제주특별자치도 서귀포시 서홍동 780-1,,4,7,1,0,0,0,8,1,0,공원녹지과,0647603193,상시,,,공공기관-지방자치단체,수거식,Y,Y,장애인화장실+남자화장실+여자화장실,N,Y,여자화장실,,2024-07-19,I,2026-05-15 18:43:45,2024-07-22 14:45:52
6520000,202465200000100480,개방화장실,법제3조제5호,삼매봉공원 공중화장실(2),제주특별자치도 서귀포시 서홍동 780-1,,1,2,0,0,0,0,3,0,0,공원녹지과,0647603193,상시,,,공공기관-지방자치단체,수거식,Y,Y,남자화장실+여자화장실,N,N,,,2024-07-19,I,2026-05-15 18:43:45,2024-07-22 14:45:52
6520000,202465200000100481,개방화장실,법제3조제5호,태평공원 공중화장실,제주특별자치도 서귀포시 동홍동 402-4,,1,2,1,0,0,0,2,1,0,공원녹지과,0647603193,상시,,,공공기관-지방자치단체,수세식,Y,Y,장애인화장실+남자화장실+여자화장실,N,N,,,2024-07-19,I,2026-05-15 18:43:45,2024-07-22 14:45:52
6520000,202465200000100482,개방화장실,법제3조제5호,영어교육도시 1호 근린공원,제주특별자치도 서귀포시 구억리 1107,,1,2,0,0,0,0,3,0,0,공원녹지과,0647603051,상시,,,공공기관-지방자치단체,수세식,Y,Y,남자화장실+여자화장실,N,N,,,2024-07-19,I,2026-05-15 18:43:45,2024-07-22 14:45:52
6520000,202465200000100483,개방화장실,법제3조제5호,영어교육도시 2호 근린공원,제주특별자치도 서귀포시 구억리 1144,,2,2,1,0,0,0,3,0,0,공원녹지과,0647603051,상시,,,공공기관-지방자치단체,수세식,Y,Y,장애인화장실+남자화장실+여자화장실,Y,N,,,2024-07-19,I,2026-05-15 18:43:45,2024-07-22 14:45:52
6520000,202465200000100484,개방화장실,법제3조제5호,자구리공원 공중화장실,제주특별자치도 서귀포시 서귀동 15,,4,3,1,0,0,0,7,1,0,공원녹지과,0647603193,상시,,,공공기관-지방자치단체,수세식,Y,Y,장애인화장실+남자화장실+여자화장실,N,Y,여자화장실,,2024-07-19,I,2026-05-15 18:43:45,2024-07-22 14:45:52
6520000,202465200000100485,개방화장실,법제3조제2호,치유의 숲 방문자센터,제주특별자치도 서귀포시 산록남로 2271,,2,4,0,0,0,0,6,0,0,산림휴양관리소,0647603773,정시,08:00~18:00,,공공기관-지방자치단체,수거식,Y,Y,장애인화장실+남자화장실+여자화장실,N,Y,여자화장실,,2024-07-19,I,2026-05-15 18:43:45,2024-07-22 14:45:52
6520000,202465200000100486,개방화장실,법제3조제2호,치유의 숲 중간 화장실,제주특별자치도 서귀포시 산록남로 2271,,3,3,0,0,0,0,6,0,0,산림휴양관리소,0647603773,상시,,,공공기관-지방자치단체,수거식,Y,Y,장애인화장실+남자화장실+여자화장실,N,N,,,2024-07-19,I,2026-05-15 18:43:45,2024-07-22 14:45:52
6520000,202465200000100487,개방화장실,법제3조제2호,치유의 숲 힐링센터,제주특별자치도 서귀포시 산록남로 2271,,2,3,0,0,0,0,3,0,0,산림휴양관리소,0647603773,상시,,,공공기관-지방자치단체,수거식,Y,Y,장애인화장실+남자화장실+여자화장실,N,N,,,2024-07-19,I,2026-05-15 18:43:45,2024-07-22 14:45:52
6520000,202465200000100488,개방화장실,법제3조제2호,치유의 숲 주차장 화장실,제주특별자치도 서귀포시 산록남로 2271,,4,3,0,0,0,0,7,0,0,산림휴양관리소,0647603773,정시,08:00~18:00,,공공기관-지방자치단체,수거식,Y,Y,장애인화장실+남자화장실+여자화장실,N,Y,여자화장실,,2024-07-19,I,2026-05-15 18:43:45,2024-07-22 14:45:52
6520000,202465200000100489,개방화장실,법제3조제2호,치유의 숲 쉼팡3 화장실,제주특별자치도 서귀포시 산록남로 2271,,1,1,0,0,0,0,1,0,0,산림휴양관리소,0647603773,정시,08:00~18:00,,공공기관-지방자치단체,수거식,Y,Y,남자화장실+여자화장실,N,N,,,2024-07-19,I,2026-05-15 18:43:45,2024-07-22 14:45:52
6520000,202465200000100490,개방화장실,법제3조제2호,붉은오름자연휴양림1,제주특별자치도 표선면 남조로 1487-73,,2,2,0,0,0,0,4,0,0,산림휴양관리소,0647603552,상시,,,공공기관-지방자치단체,수거식,Y,Y,남자화장실+여자화장실,N,Y,여자화장실,,2024-07-19,I,2026-05-15 18:43:45,2024-07-22 14:45:52
6520000,202465200000100491,개방화장실,법제3조제2호,붉은오름자연휴양림2,제주특별자치도 표선면 남조로 1487-73,,3,2,0,0,0,0,4,0,0,산림휴양관리소,0647603552,상시,,,공공기관-지방자치단체,수거식,Y,Y,장애인화장실+남자화장실+여자화장실,N,N,,,2024-07-19,I,2026-05-15 18:43:45,2024-07-22 14:45:52
6520000,202465200000100492,개방화장실,법제3조제2호,붉은오름자연휴양림3,제주특별자치도 표선면 남조로 1487-73,,3,3,0,0,0,0,4,0,0,산림휴양관리소,0647603552,상시,,,공공기관-지방자치단체,수거식,Y,Y,장애인화장실+남자화장실+여자화장실,N,Y,여자화장실,,2024-07-19,I,2026-05-15 18:43:45,2024-07-22 14:45:52
6520000,202465200000100493,개방화장실,법제3조제2호,붉은오름자연휴양림4,제주특별자치도 표선면 남조로 1487-73,,3,2,0,0,0,0,5,0,0,산림휴양관리소,0647603552,상시,,,공공기관-지방자치단체,수거식,Y,Y,남자화장실+여자화장실,N,N,,,2024-07-19,I,2026-05-15 18:43:45,2024-07-22 14:45:52
6520000,202465200000100494,개방화장실,법제3조제2호,한라산둘레길안내센터,제주특별자치도 표선면 남조로 1487-73,,5,4,0,0,0,0,7,0,0,산림휴양관리소,0647603552,상시,,,공공기관-지방자치단체,수거식,Y,Y,장애인화장실+남자화장실+여자화장실,N,N,,,2024-07-19,I,2026-05-15 18:43:45,2024-07-22 14:45:52
6520000,202465200000100495,개방화장실,법제3조제2호,서귀포자연휴양림1,제주특별자치도 서귀포시 대포동 산1-8,,1,2,0,0,0,0,3,0,0,산림휴양관리소,0647603063,상시,,,공공기관-지방자치단체,수거식,Y,Y,장애인화장실+여자화장실,N,Y,여자화장실,,2024-07-19,I,2026-05-15 18:43:45,2024-07-22 14:45:52
6520000,202465200000100496,개방화장실,법제3조제2호,서귀포자연휴양림2,제주특별자치도 서귀포시 대포동 산1-8,,4,3,0,0,0,0,4,0,0,산림휴양관리소,0647603063,상시,,,공공기관-지방자치단체,수거식,Y,Y,장애인화장실+여자화장실,N,N,,,2024-07-19,I,2026-05-15 18:43:45,2024-07-22 14:45:52
6520000,202465200000100497,개방화장실,법제3조제2호,서귀포자연휴양림3,제주특별자치도 서귀포시 대포동 산1-8,,3,3,0,0,0,0,4,0,0,산림휴양관리소,0647603063,상시,,,공공기관-지방자치단체,수거식,Y,Y,장애인화장실+여자화장실,N,N,,,2024-07-19,I,2026-05-15 18:43:45,2024-07-22 14:45:52
6520000,202465200000100498,개방화장실,법제3조제2호,서귀포자연휴양림,제주특별자치도 서귀포시 대포동 산1-8,,4,3,0,0,0,0,4,0,0,산림휴양관리소,0647603063,상시,,,공공기관-지방자치단체,수거식,Y,Y,장애인화장실+여자화장실,Y,N,,,2024-07-19,I,2026-05-15 18:43:45,2024-07-22 14:45:52
6520000,202465200000100499,개방화장실,법제3조제2호,서귀포자연휴양림,제주특별자치도 서귀포시 대포동 산1-8,,1,1,0,0,0,0,1,0,0,산림휴양관리소,0647603063,상시,,,공공기관-지방자치단체,수거식,Y,Y,남자화장실+여자화장실,N,N,,,2024-07-19,I,2026-05-15 18:43:45,2024-07-22 14:45:52
6520000,202465200000100500,개방화장실,법제3조제2호,서귀포자연휴양림,제주특별자치도 서귀포시 대포동 산1-8,,1,1,0,0,0,0,1,0,0,산림휴양관리소,0647603063,상시,,,공공기관-지방자치단체,수거식,Y,Y,남자화장실+여자화장실,N,N,,,2024-07-19,I,2026-05-15 18:43:45,2024-07-22 14:45:52
6520000,202465200000100501,개방화장실,법제3조제2호,서귀포자연휴양림,제주특별자치도 서귀포시 대포동 산1-8,,1,1,0,0,0,0,1,0,0,산림휴양관리소,0647603063,상시,,,공공기관-지방자치단체,수거식,Y,Y,남자화장실+여자화장실,N,N,,,2024-07-19,I,2026-05-15 18:43:45,2024-07-22 14:45:52
6520000,202465200000100502,개방화장실,법제3조제2호,서귀포자연휴양림,제주특별자치도 서귀포시 대포동 산1-8,,1,1,0,0,0,0,1,0,0,산림휴양관리소,0647603063,상시,,,공공기관-지방자치단체,수거식,Y,Y,남자화장실+여자화장실,N,N,,,2024-07-19,I,2026-05-15 18:43:45,2024-07-22 14:45:52
6520000,202465200000100503,개방화장실,법제3조제2호,서귀포자연휴양림,제주특별자치도 서귀포시 대포동 산1-8,,1,1,0,0,0,0,1,0,0,산림휴양관리소,0647603063,상시,,,공공기관-지방자치단체,수거식,Y,Y,남자화장실+여자화장실,N,N,,,2024-07-19,I,2026-05-15 18:43:45,2024-07-22 14:45:52
6520000,202465200000100504,개방화장실,법제3조제5호,강정체육공원 공중화장실,제주특별자치도 서귀포시 강정동 2661,,2,2,1,1,0,0,4,1,0,안전총괄과,0647604805,상시,,,공공기관-지방자치단체,수세식,Y,N,,N,Y,여자화장실,,2024-07-19,I,2026-05-15 18:43:45,2024-07-22 14:45:52
6520000,202465200000100505,공중화장실,법제3조제17호-영제3조제2항제1호,중앙공영주차빌딩,제주특별자치도 서귀포시 서귀동 291-2,,2,2,0,0,0,0,2,0,0,교통행정과,0647603132,상시,,,공공기관-지방자치단체,수거식,Y,Y,남자화장실+여자화장실,N,N,,,2024-07-19,I,2026-05-15 18:43:45,2024-07-22 14:45:52
6520000,202465200000100506,공중화장실,법제3조제17호-영제3조제2항제1호,천지공영주차빌딩,"제주특별자치도 서귀포시 서귀동 305-1, 300-19",,1,2,0,0,0,0,2,0,0,교통행정과,0647603132,상시,,,공공기관-지방자치단체,수세식,Y,Y,남자화장실+여자화장실,N,N,,,2024-07-19,I,2026-05-15 18:43:45,2024-07-22 14:45:52
6520000,202465200000100507,공중화장실,법제3조제17호-영제3조제2항제1호,중앙로터리공영주차빌딩,제주특별자치도 서귀포시 서귀동 298-2,,3,2,1,0,0,0,2,1,0,교통행정과,0647603132,상시,,,공공기관-지방자치단체,수세식,Y,Y,장애인화장실+남자화장실+여자화장실,N,Y,여자화장실,,2024-07-19,I,2026-05-15 18:43:45,2024-07-22 14:45:52
6520000,202465200000100508,공중화장실,법제3조제17호-영제3조제2항제1호,정방공영주차빌딩,제주특별자치도 서귀포시 서귀동 403-6,,1,1,0,0,0,0,2,0,0,교통행정과,0647603132,상시,,,공공기관-지방자치단체,수거식,Y,Y,남자화장실+여자화장실,N,Y,여자화장실,,2024-07-19,I,2026-05-15 18:43:45,2024-07-22 14:45:52
6520000,202465200000100509,공중화장실,법제3조제17호-영제3조제2항제1호,홍로공영주차빌딩,제주특별자치도 서귀포시 동홍동 1480-6,,3,2,1,0,0,0,1,1,0,교통행정과,0647603132,상시,,,공공기관-지방자치단체,수세식,Y,Y,장애인화장실+남자화장실+여자화장실,N,N,,,2024-07-19,I,2026-05-15 18:43:45,2024-07-22 14:45:52
6520000,202465200000100510,공중화장실,법제3조제17호-영제3조제2항제1호,아랑조을거리 공영주차빌딩,제주특별자치도 서귀포시 서귀동 312-5,,3,2,1,0,0,0,2,1,0,교통행정과,0647603132,상시,,,공공기관-지방자치단체,수세식,Y,Y,장애인화장실+남자화장실+여자화장실,Y,Y,여자화장실,,2024-07-19,I,2026-05-15 18:43:45,2024-07-22 14:45:52
6520000,202465200000100511,공중화장실,법제3조제17호-영제3조제2항제1호,쇠소깍 공영,제주특별자치도 서귀포시 하효동 990-1,,2,8,0,0,0,0,8,0,0,교통행정과,0647603132,상시,,,공공기관-지방자치단체,수세식,Y,Y,장애인화장실+남자화장실+여자화장실,N,N,,,2024-07-19,I,2026-05-15 18:43:45,2024-07-22 14:45:52
6520000,202465200000100512,공중화장실,법제3조제17호-영제3조제2항제3호,동홍1공영주차빌딩,제주특별자치도 서귀포시 동홍동 395-2,,2,3,1,0,0,0,4,1,0,교통행정과,0647603133,상시,,,공공기관-지방자치단체,수세식,Y,N,,Y,Y,여자화장실,,2024-07-19,I,2026-05-15 18:43:45,2024-07-22 14:45:52
6520000,202465200000100513,개방화장실,법제3조제17호-영제3조제2항제1호,서귀포보건소,제주특별자치도 서귀포시 중앙로101번길 52,,14,17,2,2,0,0,24,2,0,보건행정과,0647606014,정시,09:00~18:00,,공공기관-지방자치단체,수세식,Y,N,,Y,Y,여자화장실,,2024-07-19,I,2026-05-15 18:43:45,2024-07-22 14:45:52
6520000,202465200000100514,개방화장실,법제3조제17호-영제3조제2항제1호,중문보건지소,제주특별자치도 서귀포시 천제연로 277,,4,4,2,2,0,0,4,2,0,보건행정과,0647606066,정시,09:00~18:00,,공공기관-지방자치단체,수세식,Y,Y,장애인화장실,Y,N,,,2024-07-19,I,2026-05-15 18:43:45,2024-07-22 14:45:52
6520000,202465200000100515,개방화장실,법제3조제17호-영제3조제2항제1호,강정보건지소,제주특별자치도 서귀포시 강정통물로 125-11,,4,2,2,2,0,0,6,2,0,보건행정과,0647606593,정시,09:00~18:00,,공공기관-지방자치단체,수세식,Y,N,,Y,N,,,2024-07-19,I,2026-05-15 18:43:45,2024-07-22 14:45:52
6520000,202465200000100516,개방화장실,법제3조제17호-영제3조제2항제1호,혁신도시건강생활지원센터,제주특별자치도 서귀포시 법환동 1666-6,,0,0,2,2,0,0,4,2,0,보건행정과,0647606014,정시,09:00~18:00,,공공기관-지방자치단체,수세식,Y,N,,N,N,,,2024-07-19,I,2026-05-15 18:43:45,2024-07-22 14:45:52
6520000,202465200000100517,개방화장실,법제3조제16호-영제3조제1항제5호,동부보건소,제주특별자치도 서귀포시 남원읍 태위로 527,,8,8,1,0,0,0,13,1,0,동부보건소,0647606115,정시,09:00~18:00,,공공기관-지방자치단체,수거식,Y,N,,N,Y,여자화장실,,2024-07-19,I,2026-05-15 18:43:45,2024-07-22 14:45:52
6520000,202465200000100518,개방화장실,법제3조제16호-영제3조제1항제5호,표선보건지소,제주특별자치도 서귀포시 표선면 표선중앙로 17,,6,6,2,0,0,0,6,1,0,동부보건소,0647606165,정시,09:00~18:00,,공공기관-지방자치단체,수세식,Y,N,,N,Y,여자화장실,,2024-07-19,I,2026-05-15 18:43:45,2024-07-22 14:45:52
6520000,202465200000100519,개방화장실,법제3조제16호-영제3조제1항제5호,성산보건지소,제주특별자치도 서귀포시 성산읍 고성오조로 42,,3,3,0,0,0,0,6,0,0,동부보건소,0647606151,정시,09:00~18:00,,공공기관-지방자치단체,수세식,Y,N,,N,Y,여자화장실,,2024-07-19,I,2026-05-15 18:43:45,2024-07-22 14:45:52
6520000,202465200000100520,개방화장실,법제3조제16호-영제3조제1항제5호,신례보건진료소,제주특별자치도 서귀포시 남원읍 신례중앙로 36-3,,0,0,0,0,0,0,1,0,0,동부보건소,0647606371,정시,09:00~18:00,,공공기관-지방자치단체,수세식,Y,N,,N,N,,,2024-07-19,I,2026-05-15 18:43:45,2024-07-22 14:45:52
6520000,202465200000100521,개방화장실,법제3조제16호-영제3조제1항제5호,한남보건진료소,제주특별자치도 서귀포시 남원읍 남한로420번길 13,,0,0,0,0,0,0,1,0,0,동부보건소,0647606372,정시,09:00~18:00,,공공기관-지방자치단체,수세식,Y,N,,N,N,,,2024-07-19,I,2026-05-15 18:43:45,2024-07-22 14:45:52
6520000,202465200000100522,개방화장실,법제3조제16호-영제3조제1항제5호,의귀보건진료소,제주특별자치도 서귀포시 남원읍 한신로 201,,0,0,0,0,0,0,3,0,0,동부보건소,0647606373,정시,09:00~18:00,,공공기관-지방자치단체,수세식,Y,N,,N,N,,,2024-07-19,I,2026-05-15 18:43:45,2024-07-22 14:45:53
6520000,202465200000100523,개방화장실,법제3조제16호-영제3조제1항제5호,신흥보건진료소,제주특별자치도 서귀포시 남원읍 중산간동로 5774,,0,0,0,0,0,0,2,0,0,동부보건소,0647606374,정시,09:00~18:00,,공공기관-지방자치단체,수세식,Y,N,,N,N,,,2024-07-19,I,2026-05-15 18:43:45,2024-07-22 14:45:53
6520000,202465200000100524,개방화장실,법제3조제16호-영제3조제1항제5호,토산보건진료소,제주특별자치도 서귀포시 표선면 중산간동로 5561,,0,0,0,0,0,0,1,0,0,동부보건소,0647606375,정시,09:00~18:00,,공공기관-지방자치단체,수세식,Y,N,,N,N,,,2024-07-19,I,2026-05-15 18:43:45,2024-07-22 14:45:53
6520000,202465200000100525,개방화장실,법제3조제16호-영제3조제1항제5호,세화보건진료소,제주특별자치도 서귀포시 표선면 세성로 302-1,,0,0,0,0,0,0,1,0,0,동부보건소,0647606376,정시,09:00~18:00,,공공기관-지방자치단체,수세식,Y,N,,N,N,,,2024-07-19,I,2026-05-15 18:43:45,2024-07-22 14:45:53
6520000,202465200000100526,개방화장실,법제3조제16호-영제3조제1항제5호,성읍보건진료소,제주특별자치도 서귀포시 표선면 성읍정의현로 88-10,,0,0,0,0,0,0,1,0,0,동부보건소,0647606377,정시,09:00~18:00,,공공기관-지방자치단체,수세식,Y,N,,N,N,,,2024-07-19,I,2026-05-15 18:43:45,2024-07-22 14:45:53
6520000,202465200000100527,개방화장실,법제3조제16호-영제3조제1항제5호,가시보건진료소,제주특별자치도 서귀포시 표선면 가시로613번길 56-1,,0,0,0,0,0,0,1,0,0,동부보건소,0647606378,정시,09:00~18:00,,공공기관-지방자치단체,수거식,Y,N,,N,N,,,2024-07-19,I,2026-05-15 18:43:45,2024-07-22 14:45:53
6520000,202465200000100528,개방화장실,법제3조제16호-영제3조제1항제5호,신풍보건진료소,제주특별자치도 서귀포시 성산읍 풍천로192번길 40-1,,0,0,0,0,0,0,1,0,0,동부보건소,0647606379,정시,09:00~18:00,,공공기관-지방자치단체,수세식,Y,N,,N,N,,,2024-07-19,I,2026-05-15 18:43:45,2024-07-22 14:45:53
6520000,202465200000100529,개방화장실,법제3조제16호-영제3조제1항제5호,신산보건진료소,제주특별자치도 서귀포시 성산읍 환해장성로111번길 21-12,,0,0,0,0,0,0,1,0,0,동부보건소,0647606380,정시,09:00~18:00,,공공기관-지방자치단체,수세식,Y,N,,N,N,,,2024-07-19,I,2026-05-15 18:43:45,2024-07-22 14:45:53
6520000,202465200000100530,개방화장실,법제3조제16호-영제3조제1항제5호,삼달보건진료소,제주특별자치도 서귀포시 성산읍 삼달로 215,,0,0,0,0,0,0,1,0,0,동부보건소,0647606381,정시,09:00~18:00,,공공기관-지방자치단체,수세식,Y,N,,N,N,,,2024-07-19,I,2026-05-15 18:43:45,2024-07-22 14:45:53
6520000,202465200000100531,개방화장실,법제3조제16호-영제3조제1항제5호,온평보건진료소,제주특별자치도 서귀포시 성산읍 온평애향로23번길 6,,1,1,0,0,0,0,1,0,0,동부보건소,0647606395,정시,09:00~18:00,,공공기관-지방자치단체,수세식,Y,N,,N,Y,여자화장실,,2024-07-19,I,2026-05-15 18:43:45,2024-07-22 14:45:53
6520000,202465200000100532,개방화장실,법제3조제16호-영제3조제1항제5호,난산보건진료소,제주특별자치도 서귀포시 성산읍 난산로 28,,0,0,0,0,0,0,2,0,0,동부보건소,0647606382,정시,09:00~18:00,,공공기관-지방자치단체,수세식,Y,N,,N,N,,,2024-07-19,I,2026-05-15 18:43:45,2024-07-22 14:45:53
6520000,202465200000100533,개방화장실,법제3조제16호-영제3조제1항제5호,수산보건진료소,제주특별자치도 서귀포시 성산읍 수산서남로 17-1,,0,0,0,0,0,0,2,0,0,동부보건소,0647606383,정시,09:00~18:00,,공공기관-지방자치단체,수세식,Y,N,,N,N,,,2024-07-19,I,2026-05-15 18:43:45,2024-07-22 14:45:53
6520000,202465200000100534,개방화장실,법제3조제16호-영제3조제1항제2호,서부보건소,제주특별자치도 서귀포시 대정읍 최남단해안로15번길 12,,5,6,1,0,0,0,9,1,0,서부보건소,0647606204,정시,09:00~18:00,,공공기관-지방자치단체,수세식,Y,N,장애인화장실,N,Y,여자화장실,,2024-07-19,I,2026-05-15 18:43:45,2024-07-22 14:45:53
6520000,202465200000100535,개방화장실,법제3조제16호-영제3조제1항제2호,안덕보건지소,제주특별자치도 서귀포시 안덕면 화순로 화순중앙로12번길30-9,,6,6,0,0,0,0,6,0,0,서부보건소,0647606262,정시,09:00~18:00,,공공기관-지방자치단체,수세식,Y,N,장애인화장실,N,Y,여자화장실,,2024-07-19,I,2026-05-15 18:43:45,2024-07-22 14:45:53
6520000,202465200000100536,개방화장실,법제3조제16호-영제3조제1항제2호,가파보건진료소,제주특별자치도 서귀포시 대정읍 가파로67번길30,,0,1,0,0,0,0,0,0,0,서부보건소,0647606384,정시,09:00~18:00,,공공기관-지방자치단체,수거식,Y,N,,N,N,,,2024-07-19,I,2026-05-15 18:43:45,2024-07-22 14:45:53
6520000,202465200000100537,개방화장실,법제3조제16호-영제3조제1항제2호,마라보건진료소,제주특별자치도 서귀포시 대정읍 마라로101번길22,,0,0,0,0,0,0,0,0,0,서부보건소,0647606385,정시,09:00~18:00,,공공기관-지방자치단체,수거식,Y,N,,N,N,,,2024-07-19,I,2026-05-15 18:43:45,2024-07-22 14:45:53
6520000,202465200000100538,개방화장실,법제3조제16호-영제3조제1항제2호,신도보건진료소,제주특별자치도 서귀포시 대정읍 도원로 37,,0,0,1,0,0,0,1,1,0,서부보건소,0647606386,정시,09:00~18:00,,공공기관-지방자치단체,수세식,Y,N,,N,Y,여자화장실,,2024-07-19,I,2026-05-15 18:43:45,2024-07-22 14:45:53
6520000,202465200000100539,개방화장실,법제3조제16호-영제3조제1항제2호,신평보건진료소,제주특별자치도 서귀포시 대정읍 중산간서로 2600,,0,1,0,0,0,0,0,0,0,서부보건소,0647606387,정시,09:00~18:00,,공공기관-지방자치단체,수세식,Y,N,,N,N,,,2024-07-19,I,2026-05-15 18:43:45,2024-07-22 14:45:53
6520000,202465200000100540,개방화장실,법제3조제16호-영제3조제1항제2호,무릉보건진료소,제주특별자치도 서귀포시 대정읍 중산간서로 2877,,0,0,0,0,0,0,1,0,0,서부보건소,0647606388,정시,09:00~18:00,,공공기관-지방자치단체,수세식,Y,N,,N,N,,,2024-07-19,I,2026-05-15 18:43:45,2024-07-22 14:45:53
6520000,202465200000100541,개방화장실,법제3조제16호-영제3조제1항제2호,구억보건진료소,제주특별자치도 서귀포시 대정읍 중산간서로 2364,,0,0,0,0,0,0,1,0,0,서부보건소,0647606389,정시,09:00~18:00,,공공기관-지방자치단체,수세식,Y,N,,N,Y,여자화장실,,2024-07-19,I,2026-05-15 18:43:45,2024-07-22 14:45:53
6520000,202465200000100542,개방화장실,법제3조제16호-영제3조제1항제2호,사계보건진료소,제주특별자치도 서귀포시 안덕면 산방로349,,0,0,0,0,0,0,1,0,0,서부보건소,0647606390,정시,09:00~18:00,,공공기관-지방자치단체,수세식,Y,N,,N,N,,,2024-07-19,I,2026-05-15 18:43:45,2024-07-22 14:45:53
6520000,202465200000100543,개방화장실,법제3조제16호-영제3조제1항제2호,서광동보건진료소,제주특별자치도 서귀포시 안덕면 중산간서로1811,,0,0,0,0,0,0,1,0,0,서부보건소,0647606391,정시,09:00~18:00,,공공기관-지방자치단체,수세식,Y,N,,N,N,,,2024-07-19,I,2026-05-15 18:43:45,2024-07-22 14:45:53
6520000,202465200000100544,개방화장실,법제3조제16호-영제3조제1항제2호,서광서보건진료소,제주특별자치도 서귀포시 안덕면중산간서로 2118,,0,1,0,0,0,0,0,0,0,서부보건소,0647606392,정시,09:00~18:00,,공공기관-지방자치단체,수세식,Y,N,,N,N,,,2024-07-19,I,2026-05-15 18:43:45,2024-07-22 14:45:53
6520000,202465200000100545,개방화장실,법제3조제16호-영제3조제1항제2호,상창보건진료소,제주특별자치도 서귀포시 안덕면 상창로145번길 11,,0,0,0,0,0,0,1,0,0,서부보건소,0647606393,정시,09:00~18:00,,공공기관-지방자치단체,수세식,Y,N,,N,N,,,2024-07-19,I,2026-05-15 18:43:45,2024-07-22 14:45:53
6520000,202465200000100546,개방화장실,법제3조제16호-영제3조제1항제2호,대평보건진료소,제주특별자치도 서귀포시 안덕면 대평 감산로 19,,1,1,0,0,0,0,1,0,0,서부보건소,0647606394,정시,09:00~18:00,,공공기관-지방자치단체,수세식,Y,N,,N,N,,,2024-07-19,I,2026-05-15 18:43:45,2024-07-22 14:45:53
6520000,202465200000100547,개방화장실,법제3조제4호,대정매일시장,제주특별자치도 서귀포시 대정읍 영서중로 12,,2,2,0,0,0,0,3,0,0,대정읍,0647604083,상시,,,공공기관-지방자치단체,수세식,Y,Y,장애인화장실+남자화장실+여자화장실,N,N,,,2024-07-19,I,2026-05-15 18:43:45,2024-07-22 14:45:53
6520000,202465200000100548,개방화장실,법제3조제16호-영제3조제1항제1호,대정읍사무소,제주특별자치도 서귀포시 대정읍 하모중앙로 20,,7,6,3,4,0,0,14,3,0,대정읍,0647604015,정시,09:00~18:00,,공공기관-지방자치단체,수세식,Y,Y,장애인화장실+남자화장실+여자화장실,N,N,,,2024-07-19,I,2026-05-15 18:43:45,2024-07-22 14:45:53
6520000,202465200000100549,개방화장실,법제3조제13호,대정체육관-본관,제주특별자치도 서귀포시 대정읍 암반수마농로 419,,3,4,0,0,0,0,4,0,0,대정읍,0647604016,정시,09:00~18:00,,공공기관-지방자치단체,수거식,Y,Y,장애인화장실+남자화장실+여자화장실,N,N,,,2024-07-19,I,2026-05-15 18:43:45,2024-07-22 14:45:53
6520000,202465200000100550,개방화장실,법제3조제13호,대정체육관-야외,제주특별자치도 서귀포시 대정읍 암반수마농로 419,,2,3,1,0,0,0,4,1,0,대정읍,0647604016,상시,,,공공기관-지방자치단체,수거식,Y,Y,남자화장실+여자화장실,N,N,,,2024-07-19,I,2026-05-15 18:43:45,2024-07-22 14:45:53
6520000,202465200000100551,개방화장실,법제3조제13호,마라도화장실-1(자리덕),제주특별자치도 서귀포시 대정읍 마라로 34,,3,4,0,0,0,0,6,0,0,대정읍,0647604085,상시,,,공공기관-지방자치단체,수세식,Y,Y,장애인화장실+남자화장실+여자화장실,N,N,,,2024-07-19,I,2026-05-15 18:43:45,2024-07-22 14:45:53
6520000,202465200000100552,개방화장실,법제3조제13호,마라도화장실-2(관광쉼터),제주특별자치도 서귀포시 대정읍 마라로 129(131),,3,4,0,0,0,0,6,0,0,대정읍,0647604085,상시,,,공공기관-지방자치단체,수세식,Y,Y,장애인화장실+남자화장실+여자화장실,N,N,,,2024-07-19,I,2026-05-15 18:43:45,2024-07-22 14:45:53
6520000,202465200000100553,개방화장실,법제3조제4호,모슬포(대정)오일시장,제주특별자치도 서귀포시 대정읍 신영로36번길 69-11,,2,3,1,0,1,0,8,1,1,대정읍,0647604083,상시,,,공공기관-지방자치단체,수세식,Y,Y,장애인화장실+남자화장실+여자화장실,N,Y,여자화장실,,2024-07-19,I,2026-05-15 18:43:45,2024-07-22 14:45:53
6520000,202465200000100554,개방화장실,법제3조제4호,모슬포토요시장,제주특별자치도 서귀포시 대정읍 최남단해안로30번길 16,,3,4,1,0,0,0,6,1,0,대정읍,0647604083,상시,,,공공기관-지방자치단체,수세식,Y,Y,장애인화장실+남자화장실+여자화장실,N,Y,여자화장실,,2024-07-19,I,2026-05-15 18:43:45,2024-07-22 14:45:53
6520000,202465200000100555,개방화장실,법제3조제16호-영제3조제1항제1호,무릉문화의집,제주특별자치도 서귀포시 대정읍 서삼중로 128,,2,3,0,0,0,0,4,0,0,대정읍,0647604012,정시,09:00~18:00,,공공기관-지방자치단체,수세식,Y,Y,장애인화장실+남자화장실+여자화장실,N,N,,,2024-07-19,I,2026-05-15 18:43:45,2024-07-22 14:45:53
6520000,202465200000100556,개방화장실,법제3조제2호,송악산 숲길,제주특별자치도 서귀포시  대정읍 상모리 186-4,,1,1,0,0,0,0,2,0,0,대정읍,0647604067,상시,,,공공기관-지방자치단체,수거식,Y,Y,남자화장실+여자화장실,N,N,,,2024-07-19,I,2026-05-15 18:43:45,2024-07-22 14:45:53
6520000,202465200000100557,개방화장실,법제3조제2호,송악산주차장,제주특별자치도 서귀포시 대정읍 최남단해안로 571,,3,4,0,0,0,0,4,0,0,대정읍,0647604067,상시,,,공공기관-지방자치단체,수세식,Y,Y,남자화장실+여자화장실,N,N,,,2024-07-19,I,2026-05-15 18:43:45,2024-07-22 14:45:53
6520000,202465200000100558,개방화장실,법제3조제2호,평화대공원,제주특별자치도 서귀포시  대정읍 상모리 1607-11,,2,2,0,0,0,0,2,0,0,대정읍,0647604067,상시,,,공공기관-지방자치단체,수거식,Y,Y,남자화장실+여자화장실,N,Y,여자화장실,,2024-07-19,I,2026-05-15 18:43:45,2024-07-22 14:45:53
6520000,202465200000100559,개방화장실,법제3조제13호,하모체육공원,제주특별자치도 서귀포시  대정읍 하모리 2139,,2,2,0,0,0,0,4,0,0,대정읍,0647604016,상시,,,공공기관-지방자치단체,수세식,Y,Y,남자화장실+여자화장실,N,Y,여자화장실,,2024-07-19,I,2026-05-15 18:43:45,2024-07-22 14:45:53
6520000,202465200000100560,개방화장실,법제3조제2호,가파도 공중화장실,제주특별자치도 서귀포시 대정읍 가파리 533-1,,4,4,1,0,0,2,4,1,0,대정읍,0647604085,상시,,,공공기관-지방자치단체,수세식,Y,Y,장애인화장실+남자화장실+여자화장실,N,N,,,2024-07-19,I,2026-05-15 18:43:45,2024-07-22 14:45:53
6520000,202465200000100561,개방화장실,법제3조제16호-영제3조제1항제1호,운진항 버스회차지,제주특별자치도 서귀포시 대정읍 하모리 646-20,,1,2,0,0,0,0,3,0,0,대정읍,0647604028,상시,,,공공기관-지방자치단체,수세식,Y,Y,남자화장실+여자화장실,N,N,,,2024-07-19,I,2026-05-15 18:43:45,2024-07-22 14:45:53
6520000,202465200000100562,개방화장실,법제3조제16호-영제3조제1항제1호,남원읍사무소,제주특별자치도 남원읍 태위로 695,,7,10,0,0,0,0,17,0,0,남원읍,0647604115,정시,09:00~18:00,,공공기관-지방자치단체,수세식,Y,Y,장애인화장실+남자화장실+여자화장실,Y,Y,여자화장실,,2024-07-19,I,2026-05-15 18:43:45,2024-07-22 14:45:53
6520000,202465200000100563,개방화장실,법제3조제16호-영제3조제1항제2호,동부노인복지회관,제주특별자치도 남원읍 남한로 67,,3,9,0,0,0,0,6,0,0,남원읍,0647604136,정시,09:00~18:00,,공공기관-지방자치단체,수세식,Y,Y,남자화장실+여자화장실,N,N,,,2024-07-19,I,2026-05-15 18:43:45,2024-07-22 14:45:53
6520000,202465200000100564,개방화장실,법제3조제16호-영제3조제1항제1호,남원생활체육관-내부,제주특별자치도 태위로 551-28,,6,8,0,0,0,0,8,0,0,남원읍,0647603652,정시,09:00~18:00,,공공기관-지방자치단체,수세식,Y,Y,장애인화장실+남자화장실+여자화장실,N,N,,,2024-07-19,I,2026-05-15 18:43:45,2024-07-22 14:45:53
6520000,202465200000100565,개방화장실,법제3조제16호-영제3조제1항제1호,남원생활체육관-외부,제주특별자치도 태위로 551-28,,3,8,0,0,0,0,7,0,0,남원읍,0647603652,정시,09:00~18:00,,공공기관-지방자치단체,수세식,Y,Y,남자화장실+여자화장실,N,N,,,2024-07-19,I,2026-05-15 18:43:45,2024-07-22 14:45:53
6520000,202465200000100566,개방화장실,법제3조제1호,남원해안경승지(큰엉),제주특별자치도 태위로 522-17,,2,5,0,0,0,0,7,0,0,남원읍,0647604183,상시,,,공공기관-지방자치단체,수세식,Y,Y,장애인화장실+남자화장실+여자화장실,N,Y,여자화장실,,2024-07-19,I,2026-05-15 18:43:45,2024-07-22 14:45:53
6520000,202465200000100567,개방화장실,법제3조제16호-영제3조제1항제7호,충혼묘지,제주특별자치도 남원읍 남조로 973,,2,3,0,0,0,0,2,0,0,남원읍,0647604136,정시,09:00~18:00,,공공기관-지방자치단체,수세식,Y,Y,남자화장실+여자화장실,N,N,,,2024-07-19,I,2026-05-15 18:43:45,2024-07-22 14:45:53
6520000,202465200000100568,개방화장실,법제3조제16호-영제3조제1항제7호,"남원읍 공설공원묘지(A,B동)",제주특별자치도 남원읍 서성로 955-24,,1,1,0,0,0,0,1,0,0,남원읍,0647604136,정시,09:00~18:00,,공공기관-지방자치단체,수세식,Y,Y,남자화장실+여자화장실,N,N,,,2024-07-19,I,2026-05-15 18:43:45,2024-07-22 14:45:53
6520000,202465200000100569,개방화장실,법제3조제16호-영제3조제1항제6호,위미문화의 집,제주특별자치도 남원읍 태위로 105,,2,3,0,0,0,0,4,0,0,남원읍,0647604198,정시,09:00~18:00,,공공기관-지방자치단체,수세식,Y,Y,장애인화장실+남자화장실+여자화장실,N,N,,,2024-07-19,I,2026-05-15 18:43:45,2024-07-22 14:45:53
6520000,202465200000100570,개방화장실,법제3조제16호-영제3조제1항제6호,남원청소년 문화의집,제주특별자치도 남원읍 남원체육관로 221번길16,,2,3,0,0,0,0,4,0,0,남원읍,0647603404,정시,09:00~18:00,,공공기관-지방자치단체,수세식,Y,Y,남자화장실+여자화장실,N,N,,,2024-07-19,I,2026-05-15 18:43:45,2024-07-22 14:45:53
6520000,202465200000100571,개방화장실,법제3조제16호-영제3조제1항제2호,남원읍다목적회관(센터),제주특별자치도 남원읍 태위로723번길3,,2,3,0,0,0,0,4,0,0,남원읍,0647604115,정시,09:00~16:00,,공공기관-지방자치단체,수세식,Y,Y,남자화장실+여자화장실,N,N,,,2024-07-19,I,2026-05-15 18:43:45,2024-07-22 14:45:53
6520000,202465200000100572,개방화장실,법제3조제17호-영제3조제2항제1호,이승이오름주차장,제주특별자치도 남원읍 신례리 산 12-19,,1,2,0,0,0,0,3,0,0,남원읍,0647604165,상시,,,공공기관-지방자치단체,수거식,Y,Y,남자화장실+여자화장실,N,N,,,2024-07-19,I,2026-05-15 18:43:45,2024-07-22 14:45:53
6520000,202465200000100573,개방화장실,법제3조제16호-영제3조제1항제6호,태흥포구 올레4길 화장실,제주특별자치도 남원읍 태흥리 1177,,1,1,0,0,0,0,1,0,0,남원읍,0647604183,정시,09:00~18:00,,공공기관-지방자치단체,수세식,Y,Y,장애인화장실+남자화장실+여자화장실,N,Y,여자화장실,,2024-07-19,I,2026-05-15 18:43:45,2024-07-22 14:45:53
6520000,202465200000100574,개방화장실,법제3조제1호,위미3리 태웃개 화장실,제주특별자치도 남원읍 위미리69-3,,1,1,0,0,0,0,1,0,0,남원읍,0647604183,상시,,,공공기관-지방자치단체,수세식,Y,Y,남자화장실+여자화장실,N,N,,,2024-07-19,I,2026-05-15 18:43:45,2024-07-22 14:45:53
6520000,202465200000100575,개방화장실,법제3조제16호-영제3조제1항제2호,신산청소년문화의집,제주특별자치도 서귀포시 성산읍 일주동로 5101-1,,4,2,1,2,0,0,6,2,0,성산읍,0647604297,정시,09:00~18:00,,공공기관-지방자치단체,수세식,Y,Y,남자화장실+여자화장실,N,N,,,2024-07-19,I,2026-05-15 18:43:45,2024-07-22 14:45:53
6520000,202465200000100576,개방화장실,법제3조제13호,성산생활체육관(국민체육센터),제주특별자치도 서귀포시 성산읍 일주동로 4024,,4,10,2,2,0,0,17,2,0,성산읍,0647842274,정시,09:00~18:00,,공공기관-지방자치단체,수거식,Y,Y,남자화장실+여자화장실,N,N,,,2024-07-19,I,2026-05-15 18:43:45,2024-07-22 14:45:53
6520000,202465200000100577,개방화장실,법제3조제13호,일출고성운동장,제주특별자치도 서귀포시 성산읍 서성일로1222번길 36,,3,2,1,1,0,0,5,1,0,성산읍,0647604218,상시,,,공공기관-지방자치단체,수거식,Y,Y,남자화장실+여자화장실,N,N,,,2024-07-19,I,2026-05-15 18:43:45,2024-07-22 14:45:53
6520000,202465200000100578,개방화장실,법제3조제4호,고성오일시장,제주특별자치도 서귀포시 성산읍 고성오조로 93,,2,3,1,0,0,0,5,1,0,성산읍,0647604281,정시,06:00~16:00,,공공기관-지방자치단체,수거식,Y,Y,장애인화장실+남자화장실+여자화장실,N,N,,,2024-07-19,I,2026-05-15 18:43:45,2024-07-22 14:45:53
6520000,202465200000100579,개방화장실,법제3조제1호,신양섭지코지해변,제주특별자치도 서귀포시 성산읍 신양로122번길 16,,2,4,1,0,0,0,6,1,0,성산읍,0647604281,상시,,,공공기관-지방자치단체,수거식,Y,Y,남자화장실+여자화장실,N,N,,,2024-07-19,I,2026-05-15 18:43:45,2024-07-22 14:45:53
6520000,202465200000100580,개방화장실,법제3조제2호,섭지코지,제주특별자치도 서귀포시 성산읍 섭지코지로 262,,4,4,1,1,0,0,11,1,0,성산읍,0647604281,상시,,,공공기관-지방자치단체,수거식,Y,Y,남자화장실+여자화장실,N,N,,,2024-07-19,I,2026-05-15 18:43:45,2024-07-22 14:45:53
6520000,202465200000100581,개방화장실,법제3조제16호-영제3조제1항제8호,성산읍납골당(공설묘지),제주특별자치도 서귀포시 성산읍 금백조로 548,,5,7,1,1,0,0,9,1,0,성산읍,0647604207,정시,09:00~18:00,,공공기관-지방자치단체,수거식,Y,Y,장애인화장실+남자화장실+여자화장실,N,N,,,2024-07-19,I,2026-05-15 18:43:45,2024-07-22 14:45:53
6520000,202465200000100582,개방화장실,법제3조제17호-영제3조제2항제1호,오조 한도교,제주특별자치도 서귀포시 성산읍 오조리 2-4,,1,1,0,0,0,0,2,0,0,성산읍,0647604262,상시,,,공공기관-지방자치단체,수거식,Y,Y,남자화장실+여자화장실,N,N,,,2024-07-19,I,2026-05-15 18:43:45,2024-07-22 14:45:53
6520000,202465200000100583,개방화장실,법제3조제17호-영제3조제2항제1호,오조 올레(펌프장),제주특별자치도 서귀포시 성산읍 오조리 258지선,,2,2,0,0,0,0,4,0,0,성산읍,0647604262,상시,,,공공기관-지방자치단체,수세식,Y,Y,남자화장실+여자화장실,N,N,,,2024-07-19,I,2026-05-15 18:43:45,2024-07-22 14:45:53
6520000,202465200000100584,개방화장실,법제3조제17호-영제3조제2항제1호,수산2리 생태마을 포토존,제주특별자치도 서귀포시 성산읍 수산리 4097-3,,2,2,0,0,0,0,4,0,0,성산읍,0647604262,상시,,,공공기관-지방자치단체,수거식,Y,Y,남자화장실+여자화장실,N,N,,,2024-07-19,I,2026-05-15 18:43:45,2024-07-22 14:45:53
6520000,202465200000100585,개방화장실,법제3조제5호,갑문소공원(한도교화장실),제주특별자치도 서귀포시 성산읍 성산등용로 65,,2,3,0,0,0,0,5,0,0,성산읍,0647604281,상시,,,공공기관-지방자치단체,수세식,Y,Y,남자화장실+여자화장실,N,N,,,2024-07-19,I,2026-05-15 18:43:45,2024-07-22 14:45:53
6520000,202465200000100586,개방화장실,법제3조제17호-영제3조제2항제1호,신산 막내해녀 화장실,제주특별자치도 서귀포시 성산읍 신산리 302,,1,1,0,0,0,0,1,0,0,성산읍,0647604281,상시,,,공공기관-지방자치단체,수거식,Y,Y,남자화장실+여자화장실,N,N,,,2024-07-19,I,2026-05-15 18:43:45,2024-07-22 14:45:53
6520000,202465200000100587,개방화장실,법제3조제17호-영제3조제2항제1호,신천리 어촌계 화장실,제주특별자치도 서귀포시 성산읍 신천서로 87,,1,1,0,0,0,0,2,0,0,성산읍,0647604281,상시,,,공공기관-지방자치단체,수세식,Y,Y,남자화장실+여자화장실,N,N,,,2024-07-19,I,2026-05-15 18:43:45,2024-07-22 14:45:53
6520000,202465200000100588,개방화장실,법제3조제17호-영제3조제2항제1호,오조리 올레길 공중화장실,제주특별자치도 서귀포시 성산읍 오조리 214,,1,1,0,0,0,0,2,0,0,성산읍,0647604262,상시,,,공공기관-지방자치단체,수거식,Y,Y,남자화장실+여자화장실,N,N,,,2024-07-19,I,2026-05-15 18:43:45,2024-07-22 14:45:53
6520000,202465200000100589,개방화장실,법제3조제16호-영제3조제1항제1호,안덕면사무소,제주특별자치도 안덕면 화순서서로 74,,4,6,0,0,0,0,8,0,0,안덕면,0647604312,정시,09:00~22:00,,공공기관-지방자치단체,수세식,Y,Y,장애인화장실+남자화장실+여자화장실,N,Y,여자화장실,,2024-07-19,I,2026-05-15 18:43:45,2024-07-22 14:45:53
6520000,202465200000100590,개방화장실,법제3조제16호-영제3조제1항제1호,면 주민자치센터,제주특별자치도 안덕면 화순서서로 74,,1,1,0,0,0,0,2,0,0,안덕면,0647604315,정시,09:00~22:00,,공공기관-지방자치단체,수세식,Y,Y,남자화장실+여자화장실,N,N,,,2024-07-19,I,2026-05-15 18:43:45,2024-07-22 14:45:53
6520000,202465200000100591,개방화장실,법제3조제16호-영제3조제1항제1호,안덕체육관(본관),제주특별자치도 안덕면 화순서서로 59,,3,5,0,0,0,0,6,0,0,안덕면,0647604312,정시,09:00~18:00,,공공기관-지방자치단체,수세식,Y,Y,장애인화장실+남자화장실+여자화장실,N,N,,,2024-07-19,I,2026-05-15 18:43:45,2024-07-22 14:45:53
6520000,202465200000100592,개방화장실,법제3조제16호-영제3조제1항제1호,안덕체육관(야외),제주특별자치도 안덕면 화순서서로 59,,3,5,0,0,0,0,5,0,0,안덕면,0647604312,정시,09:00~18:00,,공공기관-지방자치단체,수세식,Y,Y,장애인화장실+남자화장실+여자화장실,N,N,,,2024-07-19,I,2026-05-15 18:43:45,2024-07-22 14:45:53
6520000,202465200000100593,개방화장실,법제3조제2호,안덕계곡,제주특별자치도 안덕면 일주서로 1519,,3,3,0,0,0,0,5,0,0,안덕면,0647604363,상시,,,공공기관-지방자치단체,수거식,Y,Y,남자화장실+여자화장실,N,N,,,2024-07-19,I,2026-05-15 18:43:45,2024-07-22 14:45:53
6520000,202465200000100594,개방화장실,법제3조제17호-영제3조제2항제1호,화순금모래,제주특별자치도 안덕면 화순해안로 69,,3,3,0,0,0,0,8,0,0,안덕면,0647604363,상시,,,공공기관-지방자치단체,수세식,Y,Y,남자화장실+여자화장실,N,N,,,2024-07-19,I,2026-05-15 18:43:45,2024-07-22 14:45:53
6520000,202465200000100595,개방화장실,법제3조제16호-영제3조제1항제1호,안덕청소년문화의집,제주특별자치도 안덕면 화순로56번길 20,,4,6,0,0,0,0,4,0,0,안덕면,0647604391,정시,09:00~18:00,,공공기관-지방자치단체,수세식,Y,Y,장애인화장실+남자화장실+여자화장실,N,N,,,2024-07-19,I,2026-05-15 18:43:45,2024-07-22 14:45:53
6520000,202465200000100597,개방화장실,법제3조제3호,대평버스정류소,제주특별자치도 안덕면 대평감산로 4,,1,1,0,0,0,0,1,0,0,안덕면,0647604363,상시,,,공공기관-지방자치단체,수세식,Y,Y,남자화장실+여자화장실,N,N,,,2024-07-19,I,2026-05-15 18:43:45,2024-07-22 14:45:53
6520000,202465200000100598,개방화장실,법제3조제17호-영제3조제2항제1호,화순곶자왈,제주특별자치도 안덕면 화순서동로 151,,1,0,0,0,0,0,1,0,0,안덕면,0647604363,상시,,,공공기관-지방자치단체,수거식,Y,Y,남자화장실+여자화장실,N,N,,,2024-07-19,I,2026-05-15 18:43:45,2024-07-22 14:45:53
6520000,202465200000100599,개방화장실,법제3조제9호,대평포구,제주특별자치도 안덕면 난드르로 82,,2,3,0,0,0,0,5,0,0,안덕면,0647604363,상시,,,공공기관-지방자치단체,수세식,Y,Y,남자화장실+여자화장실,N,N,,,2024-07-19,I,2026-05-15 18:43:45,2024-07-22 14:45:53
6520000,202465200000100600,개방화장실,법제3조제17호-영제3조제2항제1호,서광동리곶자왈,제주특별자치도 안덕면 서광리 산 6,,1,1,0,0,0,0,1,0,0,안덕면,0647604363,상시,,,공공기관-지방자치단체,수거식,Y,Y,남자화장실+여자화장실,N,N,,,2024-07-19,I,2026-05-15 18:43:45,2024-07-22 14:45:53
6520000,202465200000100601,개방화장실,법제3조제17호-영제3조제2항제1호,창천리 남당물,제주특별자치도 안덕면 일주서로 1407-12,,1,0,0,0,0,0,1,0,0,안덕면,0647604363,상시,,,공공기관-지방자치단체,수거식,Y,Y,남자화장실+여자화장실,N,Y,여자화장실,,2024-07-19,I,2026-05-15 18:43:45,2024-07-22 14:45:53
6520000,202465200000100602,개방화장실,법제3조제16호-영제3조제1항제1호,표선면사무소,제주특별자치도 표선중앙로 74,,6,6,2,0,0,0,9,2,0,표선면,0647604463,상시,,,공공기관-지방자치단체,수세식,Y,Y,장애인화장실+남자화장실+여자화장실,N,N,,,2024-07-19,I,2026-05-15 18:43:45,2024-07-22 14:45:53
6520000,202465200000100603,개방화장실,법제3조제6호,올레 쉼터,제주특별자치도 일주동로5661번길 97,,0,1,0,0,0,0,0,0,0,표선면,0647604463,상시,,,공공기관-지방자치단체,수거식,Y,Y,남자화장실+여자화장실,N,N,,,2024-07-19,I,2026-05-15 18:43:45,2024-07-22 14:45:53
6520000,202465200000100604,개방화장실,법제3조제13호,표선생활체육관(실내),제주특별자치도 한마음초등로 399,,4,3,0,0,0,0,6,0,0,표선면,0647604463,정시,09:00~18:00,,공공기관-지방자치단체,수거식,Y,Y,장애인화장실+남자화장실+여자화장실,N,N,,,2024-07-19,I,2026-05-15 18:43:45,2024-07-22 14:45:53
6520000,202465200000100605,개방화장실,법제3조제13호,표선생활체육관(실외),제주특별자치도 한마음초등로 399,,2,6,0,0,0,0,6,0,0,표선면,0647604463,상시,,,공공기관-지방자치단체,수거식,Y,Y,장애인화장실+남자화장실+여자화장실,N,N,,,2024-07-19,I,2026-05-15 18:43:45,2024-07-22 14:45:53
6520000,202465200000100606,개방화장실,법제3조제13호,표선전천후게이트볼장,제주특별자치도 한마음초등로 396,,2,3,0,0,0,0,3,0,0,표선면,0647604463,상시,,,공공기관-지방자치단체,수거식,Y,Y,남자화장실+여자화장실,N,N,,,2024-07-19,I,2026-05-15 18:43:45,2024-07-22 14:45:53
6520000,202465200000100607,개방화장실,법제3조제16호-영제3조제1항제7호,표선충혼묘지,제주특별자치도 성읍리 3147,,3,3,1,0,0,0,3,1,1,표선면,0647604463,상시,,,공공기관-지방자치단체,수거식,Y,Y,장애인화장실+남자화장실+여자화장실,N,N,,,2024-07-19,I,2026-05-15 18:43:45,2024-07-22 14:45:53
6520000,202465200000100608,개방화장실,법제3조제16호-영제3조제1항제7호,표선공설묘지,제주특별자치도 성읍리 140,,2,1,0,0,0,0,2,0,0,표선면,0647604463,상시,,,공공기관-지방자치단체,수거식,Y,Y,장애인화장실+남자화장실+여자화장실,N,N,,,2024-07-19,I,2026-05-15 18:43:45,2024-07-22 14:45:53
6520000,202465200000100609,개방화장실,법제3조제4호,표선오일시장,제주특별자치도 표선동서로 203-1,,2,3,0,0,0,0,6,0,0,표선면,0647604463,정시,불규칙,,공공기관-지방자치단체,수세식,Y,Y,장애인화장실+남자화장실+여자화장실,N,N,,,2024-07-19,I,2026-05-15 18:43:45,2024-07-22 14:45:53
6520000,202465200000100610,개방화장실,법제3조제17호-영제3조제2항제1호,표선해수욕장(주차장),제주특별자치도 민속해안로 592,,5,5,1,0,0,0,9,1,0,표선면,0647604463,상시,,,공공기관-지방자치단체,수세식,Y,Y,장애인화장실+남자화장실+여자화장실,N,N,,,2024-07-19,I,2026-05-15 18:43:45,2024-07-22 14:45:53
6520000,202465200000100611,개방화장실,법제3조제17호-영제3조제2항제1호,표선해수욕장(샤워장),제주특별자치도 민속해안로 615,,2,5,1,0,0,0,3,1,0,표선면,0647604463,정시,09:00~18:00,,공공기관-지방자치단체,수세식,Y,Y,장애인화장실+남자화장실+여자화장실,N,N,,,2024-07-19,I,2026-05-15 18:43:45,2024-07-22 14:45:53
6520000,202465200000100612,개방화장실,법제3조제13호,가시리체육공원,제주특별자치도 가시리 1226-2,,1,1,0,0,0,0,2,0,0,표선면,0647604463,정시,09:00~18:00,,공공기관-지방자치단체,수거식,Y,Y,남자화장실+여자화장실,N,N,,,2024-07-19,I,2026-05-15 18:43:45,2024-07-22 14:45:53
6520000,202465200000100613,개방화장실,법제3조제16호-영제3조제1항제5호,표선면 복지관,제주특별자치도 표선중앙로 21,,4,3,0,0,0,0,4,0,0,표선면,0647604463,정시,09:00~18:00,,공공기관-지방자치단체,수세식,Y,Y,남자화장실+여자화장실,N,N,,,2024-07-19,I,2026-05-15 18:43:45,2024-07-22 14:45:54
6520000,202465200000100614,개방화장실,법제3조제16호-영제3조제1항제5호,표선면 다목적회관,제주특별자치도 표선동서로193번길 8-1,,6,6,0,0,0,0,6,0,0,표선면,0647604463,정시,09:00~18:00,,공공기관-지방자치단체,수세식,Y,Y,장애인화장실+남자화장실+여자화장실,N,N,,,2024-07-19,I,2026-05-15 18:43:45,2024-07-22 14:45:54
6520000,202465200000100615,개방화장실,법제3조제17호-영제3조제2항제1호,표선면 공영주차빌딩,제주특별자치도 표선중앙로 74-1,,1,1,1,0,0,0,2,1,0,표선면,0647604463,상시,,,공공기관-지방자치단체,수세식,Y,Y,장애인화장실+남자화장실+여자화장실,N,Y,여자화장실,,2024-07-19,I,2026-05-15 18:43:45,2024-07-22 14:45:54
6520000,202465200000100616,개방화장실,법제3조제16호-영제3조제1항제1호,송산동주민센터,제주특별자치도 서귀포시 소암로 4,,1,1,0,0,0,0,2,0,0,송산동,0647604513,상시,,,공공기관-지방자치단체,수세식,Y,Y,남자화장실+여자화장실,N,N,,,2024-07-19,I,2026-05-15 18:43:45,2024-07-22 14:45:54
6520000,202465200000100617,개방화장실,법제3조제16호-영제3조제1항제1호,정방동주민센터 공중화장실,제주특별자치도 서귀포시 태평로421번길 7,,2,3,0,1,0,0,2,0,0,정방동,0647604543,정시,09:00~18:00,,공공기관-지방자치단체,수거식,Y,Y,장애인화장실+남자화장실+여자화장실,N,Y,여자화장실,,2024-07-19,I,2026-05-15 18:43:45,2024-07-22 14:45:54
6520000,202465200000100618,개방화장실,법제3조제5호,샛기정공원 공중화장실,제주특별자치도 서귀포시 태평로388,,1,2,1,0,0,0,2,1,0,정방동,0647604543,상시,,,공공기관-지방자치단체,수거식,Y,Y,장애인화장실+남자화장실+여자화장실,N,N,,,2024-07-19,I,2026-05-15 18:43:45,2024-07-22 14:45:54
6520000,202465200000100619,개방화장실,법제3조제2호,정모시쉼터 공중화장실2,제주특별자치도 서귀포시 서귀동 109,,1,1,0,0,0,0,3,0,0,정방동,0647604543,상시,,,공공기관-지방자치단체,수거식,Y,Y,남자화장실+여자화장실,N,N,,,2024-07-19,I,2026-05-15 18:43:45,2024-07-22 14:45:54
6520000,202465200000100620,개방화장실,법제3조제16호-영제3조제1항제1호,천지동 주민센터,제주특별자치도 서귀포시 중정로47번길 3,,0,2,1,0,0,0,1,1,0,천지동,0647604592,정시,09:00~18:00,,공공기관-지방자치단체,수세식,Y,Y,남자화장실+여자화장실,N,Y,여자화장실,,2024-07-19,I,2026-05-15 18:43:45,2024-07-22 14:45:54
6520000,202465200000100621,개방화장실,법제3조제5호,천지공원 화장실,제주특별자치도 서귀포시 서문서로 43,,2,2,0,0,0,0,2,0,0,천지동,0647604603,상시,,,공공기관-지방자치단체,수거식,Y,Y,남자화장실+여자화장실,N,N,,,2024-07-19,I,2026-05-15 18:43:45,2024-07-22 14:45:54
6520000,202465200000100622,개방화장실,법제3조제5호,샛기정공원 화장실,제주특별자치도 서귀포시 태평로 330,,3,3,0,0,0,0,3,0,0,천지동,0647604603,상시,,,공공기관-지방자치단체,수거식,Y,Y,남자화장실+여자화장실,N,Y,여자화장실,,2024-07-19,I,2026-05-15 18:43:45,2024-07-22 14:45:54
6520000,202465200000100623,개방화장실,법제3조제16호-영제3조제1항제1호,효돈동주민센터,제주특별자치도 서귀포시 하효동 152-1,,1,1,0,0,0,0,2,0,0,효돈동,0647604627,정시,09:00~18:00,,공공기관-지방자치단체,수거식,Y,N,,N,Y,여자화장실,,2024-07-19,I,2026-05-15 18:43:45,2024-07-22 14:45:54
6520000,202465200000100624,개방화장실,법제3조제2호,쇠소깍 공영주차장 화장실,제주특별자치도 서귀포시 하효동 990-1,,2,8,0,0,0,0,8,0,0,효돈동,0647604642,상시,,,공공기관-지방자치단체,수거식,Y,Y,장애인화장실+남자화장실+여자화장실,N,N,,,2024-07-19,I,2026-05-15 18:43:45,2024-07-22 14:45:54
6520000,202465200000100625,개방화장실,법제3조제2호,쇠소깍 안내소 화장실,제주특별자치도  서귀포시 하효동 997,,1,1,0,0,0,0,1,0,0,효돈동,0647604642,상시,,,공공기관-지방자치단체,수거식,Y,Y,남자화장실+여자화장실,N,N,,,2024-07-19,I,2026-05-15 18:43:45,2024-07-22 14:45:54
6520000,202465200000100626,개방화장실,법제3조제2호,쇠소깍화장실(던킨앞),제주특별자치도  서귀포시 하효동 995,,2,2,0,0,0,0,4,0,0,효돈동,0647604642,상시,,,공공기관-지방자치단체,수거식,Y,Y,남자화장실+여자화장실,N,N,,,2024-07-19,I,2026-05-15 18:43:45,2024-07-22 14:45:54
6520000,202465200000100627,개방화장실,법제3조제2호,하효항 화장실,제주특별자치도  서귀포시 하효동 999,,1,1,0,0,0,0,2,0,0,효돈동,0647604642,상시,,,공공기관-지방자치단체,수거식,Y,Y,장애인화장실+남자화장실+여자화장실,N,N,,,2024-07-19,I,2026-05-15 18:43:45,2024-07-22 14:45:54
6520000,202465200000100628,개방화장실,법제3조제2호,돈내코휴게소화장실,제주특별자치도 서귀포시 돈내코로 120,,2,2,0,0,0,0,3,0,0,영천동,0647604655,상시,,,공공기관-지방자치단체,수거식,Y,Y,남자화장실+여자화장실,N,N,,,2024-07-19,I,2026-05-15 18:43:45,2024-07-22 14:45:54
6520000,202465200000100629,개방화장실,법제3조제2호,돈내코운동장화장실,제주특별자치도 서귀포시 돈내코로 128,,2,3,0,0,0,0,4,0,0,영천동,0647604655,상시,,,공공기관-지방자치단체,수거식,Y,Y,남자화장실+여자화장실,N,Y,여자화장실,,2024-07-19,I,2026-05-15 18:43:45,2024-07-22 14:45:54
6520000,202465200000100630,개방화장실,법제3조제2호,돈내코야영장화장실,제주특별자치도 서귀포시 돈내코로 128,,2,3,0,0,0,0,4,0,0,영천동,0647604655,상시,,,공공기관-지방자치단체,수거식,Y,Y,남자화장실+여자화장실,N,Y,여자화장실,,2024-07-19,I,2026-05-15 18:43:45,2024-07-22 14:45:54
6520000,202465200000100631,개방화장실,법제3조제2호,돈내코사무실화장실,제주특별자치도 서귀포시 돈내코로 114,,3,3,1,0,0,0,3,1,0,영천동,0647604655,상시,,,공공기관-지방자치단체,수거식,Y,Y,장애인화장실+남자화장실+여자화장실,N,Y,여자화장실,,2024-07-19,I,2026-05-15 18:43:45,2024-07-22 14:45:54
6520000,202465200000100632,개방화장실,법제3조제2호,돈내코산책로화장실,제주특별자치도 서귀포시 돈내코로 137,,4,5,0,0,0,0,9,0,0,영천동,0647604655,상시,,,공공기관-지방자치단체,수거식,Y,Y,남자화장실+여자화장실,N,Y,여자화장실,,2024-07-19,I,2026-05-15 18:43:45,2024-07-22 14:45:54
6520000,202465200000100633,개방화장실,법제3조제16호-영제3조제1항제1호,영천동주민센터화장실,제주특별자치도 서귀포시 토평로 15,,1,1,0,0,0,0,2,0,0,영천동,0647604655,상시,,,공공기관-지방자치단체,수거식,Y,Y,남자화장실+여자화장실,N,Y,여자화장실,,2024-07-19,I,2026-05-15 18:43:45,2024-07-22 14:45:54
6520000,202465200000100634,개방화장실,법제3조제16호-영제3조제1항제1호,영천동주민센터외부화장실,제주특별자치도 서귀포시 토평로 15,,1,2,1,0,0,0,1,1,0,영천동,0647604655,상시,,,공공기관-지방자치단체,수거식,Y,Y,남자화장실+여자화장실,N,Y,여자화장실,,2024-07-19,I,2026-05-15 18:43:45,2024-07-22 14:45:54
6520000,202465200000100635,개방화장실,법제3조제17호-영제3조제2항제1호,버스회차지 공중화장실,제주특별자치도 상효동 1122-6,,1,1,1,0,0,0,1,1,0,영천동,0647604655,상시,,,공공기관-지방자치단체,수거식,Y,Y,남자화장실+여자화장실,N,Y,여자화장실,,2024-07-19,I,2026-05-15 18:43:45,2024-07-22 14:45:54
6520000,202465200000100636,개방화장실,법제3조제17호-영제3조제2항제1호,산지물 야외화장실,제주특별자치도 중산간동로 7971-1(동홍동 1285),,1,1,1,1,0,0,2,1,0,동홍동,0647604692,상시,,,공공기관-지방자치단체,수세식,Y,Y,장애인화장실+남자화장실+여자화장실,N,N,,,2024-07-19,I,2026-05-15 18:43:45,2024-07-22 14:45:54
6520000,202465200000100637,개방화장실,법제3조제16호-영제3조제1항제1호,동홍동 행정 복지센터,제주특별자치도 동홍로 104,,8,10,2,0,0,0,10,2,0,동홍동,0647604692,정시,09:00~18:00,,공공기관-지방자치단체,수세식,Y,Y,장애인화장실+남자화장실+여자화장실,N,N,,,2024-07-19,I,2026-05-15 18:43:45,2024-07-22 14:45:54
6520000,202465200000100638,개방화장실,법제3조제16호-영제3조제1항제1호,서홍동주민센터,제주특별자치도  서귀포시 중앙로 125,,5,5,1,1,0,0,5,1,0,서홍동,0647604722,정시,09:00~18:00,,공공기관-지방자치단체,수세식,Y,N,,N,N,,,2024-07-19,I,2026-05-15 18:43:45,2024-07-22 14:45:54
6520000,202465200000100639,개방화장실,법제3조제17호-영제3조제2항제1호,솜반천관리상황실,제주특별자치도 서귀포시 서홍로64,,3,3,1,1,0,0,6,1,0,서홍동,0647604726,상시,,,공공기관-지방자치단체,수세식,Y,Y,장애인화장실+남자화장실+여자화장실,N,N,,,2024-07-19,I,2026-05-15 18:43:45,2024-07-22 14:45:54
6520000,202465200000100640,공중화장실,법제3조제15호,법환야외공연장 공용화장실,제주특별자치도 서귀포시 법환동 163-8번지선 공유수면,,2,2,1,0,0,0,4,1,0,대륜동,0647604771,상시,,,공공기관-지방자치단체,수세식,Y,Y,장애인화장실+남자화장실+여자화장실,N,N,,,2024-07-19,I,2026-05-15 18:43:45,2024-07-22 14:45:54
6520000,202465200000100641,개방화장실,법제3조제16호-영제3조제1항제1호,대륜동주민센터,제주특별자치도 서귀포시 일주동로 9185,,9,6,0,0,0,0,15,0,0,대륜동,0647604771,정시,09:00~18:00,,공공기관-지방자치단체,수세식,Y,Y,장애인화장실,Y,N,,,2024-07-19,I,2026-05-15 18:43:45,2024-07-22 14:45:54
6520000,202465200000100642,개방화장실,법제3조제16호-영제3조제1항제1호,대천동주민센터,제주특별자치도 서귀포시 도순로 44(도순동),,3,4,0,0,0,0,3,1,0,대천동,0647604797,정시,09:00~18:00,,공공기관-지방자치단체,수세식,Y,Y,남자화장실+여자화장실,Y,Y,여자화장실,,2024-07-19,I,2026-05-15 18:43:45,2024-07-22 14:45:54
6520000,202465200000100643,개방화장실,법제3조제10호,강정어촌계 공중화장실,제주특별자치도 서귀포시 말질로 281,,1,2,0,0,0,0,1,1,0,대천동,0647604797,상시,,,민간,수세식,Y,Y,남자화장실+여자화장실,N,N,,,2024-07-19,I,2026-05-15 18:43:45,2024-07-22 14:45:54
6520000,202465200000100644,개방화장실,법제3조제16호-영제3조제1항제1호,중문동주민센터,제주특별자치도 서귀포시 1100로 30,,11,8,0,0,0,0,19,0,0,중문동,0647604812,정시,09:00~18:00,,공공기관-지방자치단체,수세식,Y,Y,장애인화장실+남자화장실+여자화장실,N,Y,여자화장실,,2024-07-19,I,2026-05-15 18:43:45,2024-07-22 14:45:54
6520000,202465200000100645,개방화장실,법제3조제2호,대포항 공용화장실,제주특별자치도 서귀포시 대포로 172-9,,2,2,0,0,0,0,3,0,0,중문동,0647604816,상시,,,공공기관-지방자치단체,수세식,Y,Y,장애인화장실+남자화장실+여자화장실,N,Y,여자화장실,,2024-07-19,I,2026-05-15 18:43:45,2024-07-22 14:45:54
6520000,202465200000100646,개방화장실,법제3조제16호-영제3조제1항제1호,예래동주민센터,제주특별자치도 서귀포시 예래로82,,1,2,0,0,0,0,2,0,0,예래동,0647604852,상시,,,공공기관-지방자치단체,수거식,Y,Y,장애인화장실+남자화장실+여자화장실,N,N,,,2024-07-19,I,2026-05-15 18:43:45,2024-07-22 14:45:54
6520000,202465200000100647,개방화장실,법제3조제17호-영제3조제2항제1호,중문색달해수욕장,제주특별자치도 서귀포시 색달동(종합상활실 내),,3,4,0,0,0,0,3,0,0,예래동,0647604852,상시,,,공공기관-지방자치단체,수거식,Y,Y,장애인화장실+남자화장실+여자화장실,N,N,,,2024-07-19,I,2026-05-15 18:43:45,2024-07-22 14:45:54
6520000,202465200000100648,개방화장실,법제3조제17호-영제3조제2항제1호,논짓물,제주특별자치도 서귀포시 예래해안로253,,1,2,0,0,0,0,4,0,0,예래동,0647604863,상시,,,공공기관-지방자치단체,수거식,Y,Y,장애인화장실+남자화장실+여자화장실,N,N,,,2024-07-19,I,2026-05-15 18:43:45,2024-07-22 14:45:54
6520000,202465200000100649,개방화장실,법제3조제16호-영제3조제1항제2호,생태체험관,제주특별자치도 서귀포시 예래로213,,2,5,0,0,0,0,4,0,0,예래동,0647604853,상시,,,공공기관-지방자치단체,수거식,Y,Y,장애인화장실+남자화장실+여자화장실,N,N,,,2024-07-19,I,2026-05-15 18:43:45,2024-07-22 14:45:54
6520000,202465200000100650,개방화장실,법제3조제17호-영제3조제2항제1호,IUCN 약속의 숲,제주특별자치도 서귀포시 안덕면 동광리 795-1,,1,2,0,0,0,0,3,0,0,환경정책과,0647102854,정시,09:00~18:00,,공공기관-지방자치단체,수거식,Y,Y,남자화장실+여자화장실,N,Y,여자화장실,,2024-07-19,I,2026-05-15 18:43:45,2024-07-22 14:45:54
6520000,202465200000100651,개방화장실,법제3조제17호-영제3조제2항제1호,IUCN 나눔의 숲,제주특별자치도 서귀포시 안덕면 동광리 786-1,,1,2,0,0,0,0,3,0,0,환경정책과,0647102854,정시,09:00~18:00,,공공기관-지방자치단체,수거식,Y,Y,남자화장실+여자화장실,N,Y,여자화장실,,2024-07-19,I,2026-05-15 18:43:45,2024-07-22 14:45:54
6520000,202465200000100652,개방화장실,법제3조제9호,서귀포강정크루즈터미널 1층대합실(남),제주특별자치도 서귀포시 말질로 261,,5,8,1,0,1,0,20,1,1,해운항만과,0647208544,정시,09:00~18:00,,공공기관-지방자치단체,수거식,Y,Y,장애인화장실+남자화장실+여자화장실,N,N,,,2024-07-19,I,2026-05-15 18:43:45,2024-07-22 14:45:54
6520000,202465200000100653,개방화장실,법제3조제9호,서귀포강정크루즈터미널 1층대합실(북),제주특별자치도 서귀포시 말질로 261,,3,4,0,0,0,0,6,0,0,해운항만과,0647208544,정시,09:00~18:00,,공공기관-지방자치단체,수거식,Y,Y,남자화장실+여자화장실,N,N,,,2024-07-19,I,2026-05-15 18:43:45,2024-07-22 14:45:54
6520000,202465200000100654,개방화장실,법제3조제9호,서귀포강정크루즈터미널 1층 입국장(동),제주특별자치도 서귀포시 말질로 261,,2,2,0,0,0,0,4,0,0,해운항만과,0647208544,정시,09:00~18:00,,공공기관-지방자치단체,수거식,Y,Y,남자화장실+여자화장실,N,N,,,2024-07-19,I,2026-05-15 18:43:45,2024-07-22 14:45:54
6520000,202465200000100655,개방화장실,법제3조제9호,서귀포강정크루즈터미널 1층 입국장(서),제주특별자치도 서귀포시 말질로 261,,3,4,0,0,0,0,6,0,0,해운항만과,0647208544,정시,09:00~18:00,,공공기관-지방자치단체,수거식,Y,Y,남자화장실+여자화장실,N,N,,,2024-07-19,I,2026-05-15 18:43:45,2024-07-22 14:45:54
6520000,202465200000100656,개방화장실,법제3조제9호,서귀포강정크루즈터미널 2층 대합실,제주특별자치도 서귀포시 말질로 261,,3,4,0,0,0,0,7,0,0,해운항만과,0647208544,정시,09:00~18:00,,공공기관-지방자치단체,수거식,Y,Y,남자화장실+여자화장실,N,N,,,2024-07-19,I,2026-05-15 18:43:45,2024-07-22 14:45:54
6520000,202465200000100657,개방화장실,법제3조제16호-영제3조제1항제1호,감사위원회건물,제주특별자치도  서귀포시 법환동 731,,2,2,1,1,0,0,1,1,0,감사위원회,0647106115,정시,09:00~18:00,,공공기관-지방자치단체,수세식,Y,N,,N,N,,,2024-07-19,I,2026-05-15 18:43:45,2024-07-22 14:45:54
6520000,202465200000100658,개방화장실,법제3조제2호,추사김정희유배지,제주특별자치도 서귀포시 대정읍 추사로 44,,4,6,1,0,0,0,8,1,0,세계유산본부(문화유적관리과),0647603406,정시,09:00~18:00,,공공기관-지방자치단체,수거식,Y,Y,장애인화장실+남자화장실+여자화장실,N,Y,여자화장실,,2024-07-19,I,2026-05-15 18:43:45,2024-07-22 14:45:54
6520000,202465200000100659,개방화장실,법제3조제2호,혼인지,제주특별자치도  서귀포시 성산읍 온평리 1702-1,,1,1,0,0,0,0,1,0,0,세계유산본부(문화유적관리과),0647603576,정시,09:00~18:00,,공공기관-지방자치단체,수거식,Y,Y,장애인화장실+남자화장실+여자화장실,N,N,,,2024-07-19,I,2026-05-15 18:43:45,2024-07-22 14:45:54
6520000,202465200000100660,개방화장실,법제3조제2호,성읍민속남문상가-1,제주특별자치도  서귀포시 표선면 성읍리 855-3(주차장),,4,5,1,0,0,1,9,1,1,세계유산본부(문화유적관리과),0647602516,정시,09:00~18:00,,공공기관-지방자치단체,수거식,Y,Y,장애인화장실+남자화장실+여자화장실,N,N,,,2024-07-19,I,2026-05-15 18:43:45,2024-07-22 14:45:54
6520000,202465200000100661,개방화장실,법제3조제2호,성읍민속남문상가-2,제주특별자치도  서귀포시 표선면 성읍리 875,,2,6,1,0,0,0,5,1,0,세계유산본부(문화유적관리과),0647602512,정시,09:00~18:00,,공공기관-지방자치단체,수거식,Y,Y,장애인화장실+남자화장실+여자화장실,N,N,,,2024-07-19,I,2026-05-15 18:43:45,2024-07-22 14:45:54
6520000,202465200000100662,개방화장실,법제3조제2호,한란전시관,제주특별자치도 서귀포시 돈내코로67번길 19(상효동),,8,10,1,0,0,0,10,1,0,세계유산본부(자연문화재과),0647603524,정시,09:00~18:00,,공공기관-지방자치단체,수거식,Y,Y,장애인화장실+남자화장실+여자화장실,N,N,,,2024-07-19,I,2026-05-15 18:43:45,2024-07-22 14:45:54
6520000,202465200000100663,개방화장실,법제3조제2호,발자국화석관리사무소,제주특별자치도 서귀포시 대정읍 형제해안로 192,,1,2,1,0,0,0,2,1,0,세계유산본부(자연문화재과),0647106655,정시,09:00~18:00,,공공기관-지방자치단체,수거식,Y,Y,장애인화장실+남자화장실+여자화장실,N,N,,,2024-07-19,I,2026-05-15 18:43:45,2024-07-22 14:45:54
6520000,202465200000100664,개방화장실,법제3조제2호,성산일출봉,제주특별자치도  서귀포시 성산읍 성산리 102-1,,6,13,0,0,0,0,14,0,0,세계유산본부(자연문화재과),0647107922,정시,07:00~20:00,,공공기관-지방자치단체,수거식,Y,Y,남자화장실+여자화장실,N,N,,,2024-07-19,I,2026-05-15 18:43:45,2024-07-22 14:45:54
6520000,202465200000100665,개방화장실,법제3조제2호,성산일출봉,제주특별자치도  서귀포시 성산읍 성산리 114-3,,5,5,0,0,0,0,11,0,0,세계유산본부(자연문화재과),0647107922,정시,07:00~20:00,,공공기관-지방자치단체,수세식,Y,Y,장애인화장실+남자화장실+여자화장실,N,Y,여자화장실,,2024-07-19,I,2026-05-15 18:43:45,2024-07-22 14:45:54
6520000,202465200000100666,개방화장실,법제3조제2호,성산일출봉,제주특별자치도  서귀포시 성산읍 성산리 114-3,,3,5,0,0,0,0,10,0,0,세계유산본부(자연문화재과),0647107922,정시,07:00~20:00,,공공기관-지방자치단체,수세식,Y,Y,장애인화장실+남자화장실+여자화장실,N,Y,여자화장실,,2024-07-19,I,2026-05-15 18:43:45,2024-07-22 14:45:54
6520000,202465200000100667,개방화장실,법제3조제1호,성판악 진달래밭 화장실,제주특별자치도 서귀포시 남원읍 하례리 산1-7,,6,6,0,0,0,0,11,0,0,세계유산본부(한라산국립공원관리소),0647107826,상시,,,공공기관-지방자치단체,수세식,Y,Y,남자화장실+여자화장실,N,N,,,2024-07-19,I,2026-05-15 18:43:45,2024-07-22 14:45:54
6520000,202465200000100668,개방화장실,법제3조제1호,영실 관리사무소 화장실,제주특별자치도 서귀포시 영실로 246,,3,4,1,0,0,0,5,1,0,세계유산본부(한라산국립공원관리소),0647107826,상시,,,공공기관-지방자치단체,수세식,Y,Y,남자화장실+여자화장실,N,N,,,2024-07-19,I,2026-05-15 18:43:45,2024-07-22 14:45:54
6520000,202465200000100669,개방화장실,법제3조제1호,영실 1100고지 화장실,제주특별자치도 서귀포시 1100로1555,,2,5,1,0,0,0,5,1,0,세계유산본부(한라산국립공원관리소),0647107826,상시,,,공공기관-지방자치단체,수세식,Y,Y,남자화장실+여자화장실,N,N,,,2024-07-19,I,2026-05-15 18:43:45,2024-07-22 14:45:54
6520000,202465200000100670,개방화장실,법제3조제1호,영실 휴게소옆 화장실,제주특별자치도 서귀포시 영실로 226,,2,4,1,0,0,0,5,1,0,세계유산본부(한라산국립공원관리소),0647107826,상시,,,공공기관-지방자치단체,수세식,Y,Y,남자화장실+여자화장실,N,Y,여자화장실,,2024-07-19,I,2026-05-15 18:43:45,2024-07-22 14:45:54
6520000,202465200000100671,개방화장실,법제3조제1호,돈내코 평궤 화장실,제주특별자치도 서귀포시 상효동 산1-2,,1,2,0,0,0,0,2,0,0,세계유산본부(한라산국립공원관리소),0647107826,상시,,,공공기관-지방자치단체,수세식,Y,N,,N,N,,,2024-07-19,I,2026-05-15 18:43:45,2024-07-22 14:45:54
6520000,202465200000100672,개방화장실,법제3조제16호-영제3조제1항제4호,농산물가공교육장,제주특별자치도 중산간동로 7413,,4,8,0,0,0,0,4,0,0,농업기술원(서귀포농업기술센터),0647607815,정시,09:00~18:00,,공공기관-지방자치단체,수세식,Y,Y,남자화장실+여자화장실,N,N,,,2024-07-19,I,2026-05-15 18:43:45,2024-07-22 14:45:54
6520000,202465200000100673,개방화장실,법제3조제16호-영제3조제1항제4호,서귀포농업기술센터 청사,제주특별자치도 중산간동로 7415,,9,12,1,0,0,0,21,1,0,농업기술원(서귀포농업기술센터),0647607815,정시,09:00~18:00,,공공기관-지방자치단체,수세식,Y,Y,장애인화장실+남자화장실+여자화장실,N,N,,,2024-07-19,I,2026-05-15 18:43:45,2024-07-22 14:45:54
6520000,202465200000100674,개방화장실,법제3조제16호-영제3조제1항제4호,바람의언덕초가집,제주특별자치도 중산간동로 7327,,4,3,1,0,0,0,6,1,0,농업기술원(서귀포농업기술센터),0647607815,정시,09:00~18:00,,공공기관-지방자치단체,수거식,Y,Y,장애인화장실+남자화장실+여자화장실,N,N,,,2024-07-19,I,2026-05-15 18:43:45,2024-07-22 14:45:54
6520000,202465200000100675,개방화장실,법제3조제16호-영제3조제1항제4호,제다원초가집,제주특별자치도 남원읍 하례리 1559-1,,1,3,0,0,0,0,4,0,0,농업기술원(서귀포농업기술센터),0647607815,정시,09:00~18:00,,공공기관-지방자치단체,수세식,Y,Y,남자화장실+여자화장실,N,N,,,2024-07-19,I,2026-05-15 18:43:45,2024-07-22 14:45:54
6520000,202465200000100676,개방화장실,법제3조제16호-영제3조제1항제4호,감귤홍보관,제주특별자치도 중산간동로 7413,,2,2,0,0,0,0,2,0,0,농업기술원(서귀포농업기술센터),0647607815,정시,10:00~17:00,,공공기관-지방자치단체,수세식,Y,Y,남자화장실+여자화장실,N,N,,,2024-07-19,I,2026-05-15 18:43:45,2024-07-22 14:45:54
6520000,202465200000100677,개방화장실,법제3조제16호-영제3조제1항제4호,야외화장실,제주특별자치도 남원읍 하례리 1556-3,,3,5,1,0,0,0,7,1,1,농업기술원(서귀포농업기술센터),0647607815,정시,09:00~18:00,,공공기관-지방자치단체,수세식,Y,Y,장애인화장실+남자화장실+여자화장실,N,Y,여자화장실,,2024-07-19,I,2026-05-15 18:43:45,2024-07-22 14:45:54
6520000,202465200000100678,개방화장실,법제3조제16호-영제3조제1항제4호,동부농업기술센터 농기계임대사업소 분소(성읍)1층,제주특별자치도 제주특별자치도 서귀포시 표선면 성읍리 434-3,,1,2,0,0,0,0,1,0,0,농업기술원(동부농업기술센터),0647607613,정시,09:00~18:00,,공공기관-지방자치단체,수거식,Y,N,,N,N,,,2024-07-19,I,2026-05-15 18:43:45,2024-07-22 14:45:54
6520000,202465200000100679,개방화장실,법제3조제16호-영제3조제1항제4호,동부농업기술센터 농기계임대사업소 분소(성읍)2층,제주특별자치도 제주특별자치도 서귀포시 표선면 성읍리 434-3,,1,2,0,0,0,0,1,0,0,농업기술원(동부농업기술센터),0647607613,정시,09:00~18:00,,공공기관-지방자치단체,수거식,Y,N,,N,N,,,2024-07-19,I,2026-05-15 18:43:45,2024-07-22 14:45:54
6520000,202465200000100680,개방화장실,법제3조제16호-영제3조제1항제6호,서귀포학생문화원,제주특별자치도 서귀포시 중앙로150번길4-1,,2,5,1,0,0,0,10,1,0,도 교육청(서귀포학생문화원),0647304517,정시,09:00~18:00,,공공기관-국가,수거식,Y,Y,장애인화장실+남자화장실+여자화장실,N,N,,,2024-07-19,I,2026-05-15 18:43:45,2024-07-22 14:45:54
6520000,202465200000100681,개방화장실,법제3조제16호-영제3조제1항제1호,국립농산물품질관리원 제주지원 서귀포사무소,제주특별자치도 서귀포시 신효중앙로17,,2,2,0,0,0,0,3,0,0,국립농산물품질관리원,0647354900,정시,09:00~18:00,,공공기관-국가,수세식,N,N,,N,N,,,2024-07-19,I,2026-05-15 18:43:45,2024-07-22 14:45:54
